bairro_padronizado;ano_arquivo;total_transacoes;m2_privativo_medio;m2_privativo_mediana
Aflitos;2015;78;8360.64;8000.78
Aflitos;2016;67;7381.36;7571.91
Aflitos;2017;51;6653.42;6699.23
Aflitos;2018;115;6709.27;6879.95
Aflitos;2019;159;5179.53;5942.34
Aflitos;2020;86;5855.16;5932.05
Aflitos;2021;117;5795.08;5726.21
Aflitos;2022;97;5202.83;5090.98
Aflitos;2023;106;5520.86;5316.93
Aflitos;2024;118;5417.35;5224.75
Aflitos;2025;110;5393.88;5308.48
Aflitos;2026;67;4974.47;4836.95
Afogados;2015;58;3951.51;4041.77
Afogados;2016;42;4825.34;4575.37
Afogados;2017;49;3576.16;3681.78
Afogados;2018;34;3674.07;3592.53
Afogados;2019;41;3640.41;3204.78
Afogados;2020;36;2972.63;3074.66
Afogados;2021;58;3550.07;2989.02
Afogados;2022;328;4820.49;5537.48
Afogados;2023;85;3714.44;3218.69
Afogados;2024;68;3015.92;2659.69
Afogados;2025;63;3124.11;2752.58
Afogados;2026;29;2865.16;2801.29
Agua Fria;2015;26;5005.78;5155.35
Agua Fria;2016;25;4170.27;4205.8
Agua Fria;2017;15;4749.92;4651.77
Agua Fria;2018;20;4045.45;3680.07
Agua Fria;2019;21;4313.42;3516.07
Agua Fria;2020;80;6735.67;6908.18
Agua Fria;2021;67;5316.68;5854.03
Agua Fria;2022;41;4467.84;4158.67
Agua Fria;2023;60;4519.61;4373.88
Agua Fria;2024;47;4559.92;4349.58
Agua Fria;2025;33;4609.17;4440.23
Agua Fria;2026;12;4470.6;4223.42
Alto Do Mandu;2015;4;3592.35;3606.05
Alto Do Mandu;2016;3;3096.55;3118.89
Alto Do Mandu;2017;2;2288.48;2288.48
Alto Do Mandu;2019;2;2624.43;2624.43
Alto Do Mandu;2020;2;2358.75;2358.75
Alto Do Mandu;2021;3;2706.34;2750.99
Alto Do Mandu;2022;5;3054.19;2765.63
Alto Do Mandu;2023;4;2236.43;2066.22
Alto Do Mandu;2024;2;6251.94;6251.94
Alto Do Mandu;2025;2;1983.13;1983.13
Alto Do Mandu;2026;1;2139.65;2139.65
Alto Jose Bonifacio;2015;5;3580.01;2893.91
Alto Jose Bonifacio;2016;2;2855.46;2855.46
Alto Jose Bonifacio;2017;1;2237.21;2237.21
Alto Jose Bonifacio;2021;4;5716.08;3765.06
Alto Jose Bonifacio;2022;2;5364.87;5364.87
Alto Jose Bonifacio;2023;2;9930.25;9930.25
Alto Jose Bonifacio;2024;2;1794.01;1794.01
Alto Jose Bonifacio;2025;3;5847.39;5209.78
Alto Jose Do Pinho;2015;4;2214.92;2241.28
Alto Jose Do Pinho;2016;7;3385.85;3129.53
Alto Jose Do Pinho;2017;4;3884.59;3427.99
Alto Jose Do Pinho;2018;4;5207.1;4462.74
Alto Jose Do Pinho;2019;4;4688.64;4102.17
Alto Jose Do Pinho;2020;5;4312.27;3581.96
Alto Jose Do Pinho;2021;5;5239.28;4228.59
Alto Jose Do Pinho;2022;5;5601.34;4318.06
Alto Jose Do Pinho;2023;7;5245.54;4595.59
Alto Jose Do Pinho;2024;10;6047.76;4883.76
Alto Jose Do Pinho;2025;5;5293.28;4441.52
Alto Jose Do Pinho;2026;5;3756.54;2316.44
Alto Santa Terezinha;2016;1;6065.14;6065.14
Alto Santa Terezinha;2017;1;11117.23;11117.23
Alto Santa Terezinha;2022;1;3735.08;3735.08
Apipucos;2015;8;6669.57;6935.8
Apipucos;2016;5;6288.32;5646.4
Apipucos;2017;4;6912.55;7339.23
Apipucos;2018;1;8389.81;8389.81
Apipucos;2019;1;7787.97;7787.97
Apipucos;2020;3;5704.29;6211.5
Apipucos;2021;7;4790.75;4695.11
Apipucos;2022;8;6654.38;5921.96
Apipucos;2023;10;4921.7;5842.75
Apipucos;2024;7;4603.6;4003.89
Apipucos;2025;6;4870.41;5075.44
Apipucos;2026;3;3855.0;3898.77
Areias;2015;43;4025.72;4597.69
Areias;2016;64;3986.09;3984.26
Areias;2017;47;3719.7;3641.49
Areias;2018;70;3634.67;3700.98
Areias;2019;49;3306.29;3339.23
Areias;2020;69;3789.9;3353.2
Areias;2021;86;3214.97;3163.58
Areias;2022;112;3211.5;3043.91
Areias;2023;87;3255.03;3134.42
Areias;2024;95;2904.04;2875.29
Areias;2025;93;2781.85;2688.44
Areias;2026;45;2920.63;2831.51
Arruda;2015;43;5309.3;4872.2
Arruda;2016;40;4205.53;4225.75
Arruda;2017;32;4872.53;3937.66
Arruda;2018;55;4578.62;4463.24
Arruda;2019;44;4631.22;4385.05
Arruda;2020;36;4057.48;3970.07
Arruda;2021;47;3859.09;3728.08
Arruda;2022;45;4179.16;3646.5
Arruda;2023;59;3667.12;3471.64
Arruda;2024;45;3710.97;3572.61
Arruda;2025;38;4006.07;3855.14
Arruda;2026;27;4859.09;3919.91
Barro;2015;36;6600.34;7337.05
Barro;2016;32;5928.35;5930.97
Barro;2017;33;5211.1;5990.06
Barro;2018;60;6627.5;7545.02
Barro;2019;76;6564.11;7138.68
Barro;2020;320;4988.62;4710.54
Barro;2021;112;5509.59;5554.08
Barro;2022;83;4985.01;5172.06
Barro;2023;53;4955.35;5144.79
Barro;2024;137;5367.03;5466.27
Barro;2025;50;4789.63;4941.35
Barro;2026;40;4966.06;4734.82
Beberibe;2017;2;2559.18;2559.18
Beberibe;2018;3;6007.04;3618.57
Beberibe;2019;3;3299.84;2949.49
Beberibe;2020;1;1525.51;1525.51
Beberibe;2021;1;6835.64;6835.64
Beberibe;2022;1;2580.12;2580.12
Beberibe;2023;2;5889.99;5889.99
Beberibe;2025;3;2915.36;3262.89
Beberibe;2026;1;3402.19;3402.19
Boa Viagem;2015;2677;9723.38;9854.34
Boa Viagem;2016;3258;9041.08;9303.17
Boa Viagem;2017;3095;8360.48;8251.7
Boa Viagem;2018;3024;8171.54;8152.09
Boa Viagem;2019;3160;7975.9;7944.33
Boa Viagem;2020;3097;7638.68;7730.43
Boa Viagem;2021;3842;7309.32;7118.05
Boa Viagem;2022;3993;6949.43;6661.59
Boa Viagem;2023;3278;6931.41;6486.96
Boa Viagem;2024;3552;6962.3;6534.67
Boa Viagem;2025;4223;7143.09;6726.98
Boa Viagem;2026;2474;7408.36;6906.06
Boa Vista;2015;292;6730.85;6718.44
Boa Vista;2016;393;6928.0;7971.38
Boa Vista;2017;289;5920.85;5705.34
Boa Vista;2018;291;5162.86;4835.29
Boa Vista;2019;290;5069.24;4777.73
Boa Vista;2020;213;5603.4;4730.9
Boa Vista;2021;387;5010.05;5074.38
Boa Vista;2022;559;4862.43;4233.67
Boa Vista;2023;401;5711.48;4340.6
Boa Vista;2024;454;5807.43;5279.77
Boa Vista;2025;647;5640.76;5918.07
Boa Vista;2026;389;5848.29;5884.17
Bomba Do Hemeterio;2015;1;4041.95;4041.95
Bomba Do Hemeterio;2016;2;4755.36;4755.36
Bomba Do Hemeterio;2018;6;3768.98;3793.68
Bomba Do Hemeterio;2019;7;6112.41;5130.36
Bomba Do Hemeterio;2020;3;5023.23;4528.96
Bomba Do Hemeterio;2021;5;4115.49;3449.53
Bomba Do Hemeterio;2023;2;4685.49;4685.49
Bomba Do Hemeterio;2024;3;7847.44;5969.21
Bomba Do Hemeterio;2025;1;2148.54;2148.54
Bomba Do Hemeterio;2026;1;4145.76;4145.76
Bongi;2015;77;7022.32;7580.98
Bongi;2016;16;5992.09;6849.83
Bongi;2017;13;5475.01;5947.63
Bongi;2018;13;5505.96;6248.21
Bongi;2019;15;4111.18;3440.97
Bongi;2020;12;4793.69;5052.98
Bongi;2021;20;4289.94;4069.56
Bongi;2022;17;4403.22;4933.46
Bongi;2023;16;4323.46;4792.22
Bongi;2024;28;4578.84;3897.98
Bongi;2025;18;4555.06;4394.38
Bongi;2026;8;3603.33;3424.44
Brasilia Teimosa;2015;2;3599.28;3599.28
Brasilia Teimosa;2016;1;1790.19;1790.19
Brasilia Teimosa;2017;2;2525.78;2525.78
Brasilia Teimosa;2018;3;2528.11;2795.58
Brasilia Teimosa;2019;1;3713.64;3713.64
Brasilia Teimosa;2021;2;5302.55;5302.55
Brasilia Teimosa;2026;3;3920.92;4765.24
Brejo Da Guabiraba;2015;1;4810.29;4810.29
Brejo Da Guabiraba;2021;2;2468.14;2468.14
Brejo Da Guabiraba;2022;4;4836.77;4461.13
Brejo Da Guabiraba;2023;2;10531.88;10531.88
Brejo De Beberibe;2015;3;1705.17;1610.59
Brejo De Beberibe;2016;1;6518.78;6518.78
Brejo De Beberibe;2017;4;3305.78;3331.88
Brejo De Beberibe;2018;4;4855.46;3056.02
Brejo De Beberibe;2019;1;2255.1;2255.1
Brejo De Beberibe;2020;1;1906.46;1906.46
Brejo De Beberibe;2021;2;3862.94;3862.94
Brejo De Beberibe;2023;1;7742.88;7742.88
Brejo De Beberibe;2024;1;1615.84;1615.84
Brejo De Beberibe;2026;1;1499.6;1499.6
Cabanga;2015;2;2789.02;2789.02
Cabanga;2016;3;2978.33;3073.64
Cabanga;2017;7;2595.34;2398.62
Cabanga;2018;2;2712.3;2712.3
Cabanga;2019;2;1916.95;1916.95
Cabanga;2020;6;3570.14;2913.56
Cabanga;2021;3;2977.6;2956.81
Cabanga;2022;6;2755.62;2558.31
Cabanga;2023;7;3567.21;3310.28
Cabanga;2024;3;3371.68;3050.49
Cabanga;2025;2;2682.09;2682.09
Cabanga;2026;5;3677.39;3513.04
Cacote;2016;1;1578.38;1578.38
Cacote;2017;1;2041.96;2041.96
Cacote;2019;2;5947.58;5947.58
Cacote;2026;2;4460.08;4460.08
Cajueiro;2015;10;4626.59;4968.68
Cajueiro;2016;8;3580.88;3456.98
Cajueiro;2017;11;4700.33;3866.86
Cajueiro;2018;5;3926.17;3687.25
Cajueiro;2019;8;3969.53;3980.66
Cajueiro;2020;8;3929.04;3512.59
Cajueiro;2021;17;3460.4;3300.9
Cajueiro;2022;7;3427.87;3238.83
Cajueiro;2023;13;3012.63;3149.82
Cajueiro;2024;16;3404.85;2935.52
Cajueiro;2025;15;4205.06;3500.44
Cajueiro;2026;5;3098.12;3097.81
Campina Do Barreto;2015;2;5548.32;5548.32
Campina Do Barreto;2016;5;2825.08;2754.94
Campina Do Barreto;2017;1;4733.25;4733.25
Campina Do Barreto;2018;151;4832.1;4793.3
Campina Do Barreto;2019;75;4768.13;4736.13
Campina Do Barreto;2020;213;4803.33;4813.97
Campina Do Barreto;2021;37;4478.12;4441.87
Campina Do Barreto;2022;29;4295.93;3967.84
Campina Do Barreto;2023;24;4693.12;4904.84
Campina Do Barreto;2024;27;5081.66;5040.41
Campina Do Barreto;2025;16;4181.84;4679.38
Campina Do Barreto;2026;9;4774.33;4876.1
Campo Grande;2015;148;6440.45;6654.29
Campo Grande;2016;123;5941.87;5874.79
Campo Grande;2017;108;5437.17;5432.46
Campo Grande;2018;154;5368.27;5748.2
Campo Grande;2019;96;5107.13;5226.01
Campo Grande;2020;108;5244.07;5452.59
Campo Grande;2021;178;4847.57;5097.26
Campo Grande;2022;168;4272.13;4558.44
Campo Grande;2023;146;4322.68;4470.08
Campo Grande;2024;305;5494.88;5700.81
Campo Grande;2025;281;5425.33;5549.64
Campo Grande;2026;173;5314.36;5648.75
Casa Amarela;2015;467;8447.61;8798.55
Casa Amarela;2016;609;8033.52;8456.47
Casa Amarela;2017;461;6905.06;7083.75
Casa Amarela;2018;578;6490.76;6881.88
Casa Amarela;2019;445;6914.12;7331.0
Casa Amarela;2020;453;6507.46;6809.34
Casa Amarela;2021;530;6068.03;6338.86
Casa Amarela;2022;534;5675.79;5919.09
Casa Amarela;2023;503;5838.14;6054.04
Casa Amarela;2024;578;5807.72;6065.2
Casa Amarela;2025;562;5832.28;5921.36
Casa Amarela;2026;290;5605.44;5603.5
Casa Forte;2015;93;9472.75;9530.98
Casa Forte;2016;98;8181.97;8755.09
Casa Forte;2017;86;9205.13;8460.3
Casa Forte;2018;81;7748.45;7736.38
Casa Forte;2019;101;8016.05;8345.84
Casa Forte;2020;87;7271.91;7659.39
Casa Forte;2021;193;7763.61;8127.16
Casa Forte;2022;108;6868.36;7099.55
Casa Forte;2023;93;7394.68;7249.38
Casa Forte;2024;122;7360.38;7274.94
Casa Forte;2025;138;8129.59;7748.81
Casa Forte;2026;100;7764.11;7437.37
Caxanga;2015;258;7726.77;7758.77
Caxanga;2016;89;6409.29;6980.64
Caxanga;2017;75;5729.06;6071.63
Caxanga;2018;68;5237.14;5521.92
Caxanga;2019;31;5111.43;4643.39
Caxanga;2020;194;6665.66;7015.33
Caxanga;2021;209;5519.07;5336.5
Caxanga;2022;103;5104.28;5025.6
Caxanga;2023;66;4943.13;5162.02
Caxanga;2024;145;6750.32;7180.73
Caxanga;2025;359;6600.74;6686.75
Caxanga;2026;124;5808.24;6207.87
Coelhos;2015;34;6597.47;7586.87
Coelhos;2016;28;6049.14;6823.83
Coelhos;2017;32;6203.58;6418.28
Coelhos;2018;12;5447.86;5972.82
Coelhos;2019;18;5476.1;5255.97
Coelhos;2020;30;5743.76;5645.72
Coelhos;2021;36;5079.09;5430.48
Coelhos;2022;45;5947.2;6435.07
Coelhos;2023;13;4716.77;5292.77
Coelhos;2024;32;4072.36;3702.32
Coelhos;2025;81;4468.65;4161.93
Coelhos;2026;36;3348.95;3234.36
Cohab;2015;15;3298.71;2588.47
Cohab;2016;14;2969.98;2648.0
Cohab;2017;30;3641.83;3241.3
Cohab;2018;17;4216.75;3419.54
Cohab;2019;11;4946.48;2798.39
Cohab;2020;5;8109.21;6469.9
Cohab;2021;11;4096.12;3215.97
Cohab;2022;20;3460.88;3174.44
Cohab;2023;16;3413.96;2660.29
Cohab;2024;15;3017.15;2302.8
Cohab   Ibura;2015;8;4002.11;3454.63
Cohab   Ibura;2016;11;3356.01;2775.58
Cohab   Ibura;2017;14;4341.97;3213.31
Cohab   Ibura;2018;4;3838.66;3998.52
Cohab   Ibura;2019;10;4610.48;3608.88
Cohab   Ibura;2020;7;4815.25;4657.96
Cohab   Ibura;2021;8;3255.79;2844.86
Cohab   Ibura;2022;12;3626.05;2703.78
Cohab   Ibura;2023;10;3952.36;3259.34
Cohab   Ibura;2024;9;3468.43;3564.34
Cohab   Ibura;2025;27;2867.39;2326.99
Cohab   Ibura;2026;13;3302.3;2481.08
Coqueiral;2015;1;5243.99;5243.99
Coqueiral;2016;1;6472.78;6472.78
Coqueiral;2017;1;4070.1;4070.1
Coqueiral;2019;1;3794.6;3794.6
Coqueiral;2022;1;2774.53;2774.53
Coqueiral;2023;1;2159.37;2159.37
Coqueiral;2024;2;2466.48;2466.48
Coqueiral;2025;3;3316.14;2867.73
Coqueiral;2026;1;3854.08;3854.08
Cordeiro;2015;388;7542.29;7490.62
Cordeiro;2016;215;5680.16;5598.77
Cordeiro;2017;189;4965.07;5128.2
Cordeiro;2018;174;4874.07;4989.33
Cordeiro;2019;295;5844.17;5534.9
Cordeiro;2020;238;5439.75;5098.51
Cordeiro;2021;276;4625.83;4361.76
Cordeiro;2022;453;5322.11;5732.41
Cordeiro;2023;259;4317.39;4270.96
Cordeiro;2024;269;4172.56;4016.97
Cordeiro;2025;276;4278.45;4076.54
Cordeiro;2026;186;4070.02;3726.12
Corrego Do Jenipapo;2016;1;2231.8;2231.8
Corrego Do Jenipapo;2017;1;6965.64;6965.64
Corrego Do Jenipapo;2023;1;15828.15;15828.15
Corrego Do Jenipapo;2024;1;6412.14;6412.14
Corrego Do Jenipapo;2025;2;5503.16;5503.16
Corrego Do Jenipapo;2026;1;4888.89;4888.89
Curado;2015;14;5624.59;5788.23
Curado;2016;16;4864.12;4773.47
Curado;2017;17;5447.19;5051.86
Curado;2018;14;5534.65;5791.61
Curado;2019;17;4627.97;4406.47
Curado;2020;27;4108.08;4056.04
Curado;2021;24;4227.18;4163.26
Curado;2022;22;4171.18;3916.32
Curado;2023;30;4020.43;4083.26
Curado;2024;31;3709.7;3659.78
Curado;2025;23;3715.39;3762.24
Curado;2026;11;3830.85;3718.54
Derby;2015;22;7566.81;8016.75
Derby;2016;21;6273.47;6000.24
Derby;2017;37;6378.91;6118.35
Derby;2018;38;6895.39;6772.28
Derby;2019;62;5593.85;5211.74
Derby;2020;17;5312.55;5481.51
Derby;2021;43;5330.25;5632.1
Derby;2022;36;4610.9;4741.1
Derby;2023;26;4256.03;4071.94
Derby;2024;29;4332.87;4437.59
Derby;2025;36;4187.12;4297.74
Derby;2026;19;4097.97;4050.95
Dois Irmaos;2022;1;4749.97;4749.97
Dois Irmaos;2023;1;6247.54;6247.54
Dois Unidos;2015;1;1249.09;1249.09
Dois Unidos;2016;2;15840.6;15840.6
Dois Unidos;2017;1;1477.19;1477.19
Dois Unidos;2022;2;3489.26;3489.26
Dois Unidos;2023;1;1258.08;1258.08
Dois Unidos;2024;309;5347.16;5376.32
Dois Unidos;2025;488;5394.54;5512.61
Dois Unidos;2026;543;8039.96;8237.12
Encruzilhada;2015;468;8616.07;8460.16
Encruzilhada;2016;342;7702.59;7869.11
Encruzilhada;2017;457;7581.64;7797.65
Encruzilhada;2018;338;7008.5;7252.08
Encruzilhada;2019;361;7029.16;7234.19
Encruzilhada;2020;287;6743.57;7003.6
Encruzilhada;2021;518;6535.63;6661.86
Encruzilhada;2022;352;5884.97;5980.11
Encruzilhada;2023;367;5764.57;5865.92
Encruzilhada;2024;445;5673.38;5610.44
Encruzilhada;2025;373;5924.47;6004.28
Encruzilhada;2026;247;5875.01;5548.16
Engenho Do Meio;2015;40;6458.47;7147.26
Engenho Do Meio;2016;71;6413.17;7389.96
Engenho Do Meio;2017;14;4426.82;4315.66
Engenho Do Meio;2018;15;4052.33;4126.99
Engenho Do Meio;2019;45;4314.42;3307.57
Engenho Do Meio;2020;41;4087.51;4525.4
Engenho Do Meio;2021;56;4109.1;4476.73
Engenho Do Meio;2022;37;3976.05;3697.86
Engenho Do Meio;2023;42;3510.79;3249.52
Engenho Do Meio;2024;36;3344.02;3074.46
Engenho Do Meio;2025;34;3418.06;2845.82
Engenho Do Meio;2026;16;3532.27;3212.72
Espinheiro;2015;236;9730.95;10646.3
Espinheiro;2016;269;8431.88;8497.49
Espinheiro;2017;216;7779.85;8050.79
Espinheiro;2018;216;7412.12;7846.02
Espinheiro;2019;241;6474.5;6848.17
Espinheiro;2020;207;7006.35;6961.26
Espinheiro;2021;321;6372.25;6591.31
Espinheiro;2022;287;5806.33;5797.69
Espinheiro;2023;316;6325.02;6188.96
Espinheiro;2024;281;5138.13;4832.06
Espinheiro;2025;262;5252.89;5054.1
Espinheiro;2026;247;5969.42;5920.06
Estancia;2015;10;4011.86;3651.56
Estancia;2016;8;4330.69;3404.6
Estancia;2017;8;3626.05;3446.44
Estancia;2018;7;2833.34;2529.5
Estancia;2019;8;5533.76;3406.89
Estancia;2020;5;3211.67;2758.05
Estancia;2021;11;3401.3;4083.25
Estancia;2022;12;4299.77;3726.53
Estancia;2023;13;2678.75;2402.4
Estancia;2024;10;3230.33;3340.18
Estancia;2025;10;3560.48;3403.36
Estancia;2026;10;3117.1;3014.39
Fundao;2015;18;6135.68;5635.0
Fundao;2016;9;6043.11;6108.77
Fundao;2017;11;5532.84;6009.57
Fundao;2018;19;4515.48;4470.05
Fundao;2019;8;4263.09;4114.28
Fundao;2020;5;3754.6;3767.77
Fundao;2021;14;4604.84;4313.79
Fundao;2022;16;4271.91;4345.96
Fundao;2023;16;5170.05;5155.38
Fundao;2024;24;3721.3;3462.1
Fundao;2025;22;3819.06;3889.25
Fundao;2026;6;4051.35;4417.26
Gracas;2015;314;8046.92;8872.17
Gracas;2016;334;7923.33;8347.49
Gracas;2017;331;7862.21;8135.0
Gracas;2018;334;7700.95;7765.09
Gracas;2019;330;7011.1;7219.09
Gracas;2020;298;6435.23;6807.98
Gracas;2021;434;6563.95;6421.12
Gracas;2022;547;6167.12;6087.02
Gracas;2023;493;6114.54;5899.63
Gracas;2024;594;5777.7;5574.15
Gracas;2025;553;5609.19;5474.46
Gracas;2026;347;5980.91;5649.14
Guabiraba;2015;3;3002.55;2469.81
Guabiraba;2016;1;10518.27;10518.27
Guabiraba;2017;2;7183.41;7183.41
Guabiraba;2018;179;4557.86;4447.08
Guabiraba;2019;90;4313.11;4379.73
Guabiraba;2020;21;6456.55;5361.51
Guabiraba;2021;12;5579.05;5514.72
Guabiraba;2022;43;7837.36;4948.24
Guabiraba;2023;84;6519.51;6032.9
Guabiraba;2024;453;6074.39;6105.01
Guabiraba;2025;245;5658.78;5652.51
Guabiraba;2026;92;5487.17;5717.71
Hipodromo;2015;16;4955.53;4922.23
Hipodromo;2016;10;4604.16;4710.79
Hipodromo;2017;6;5370.61;5280.46
Hipodromo;2018;21;5031.31;4658.18
Hipodromo;2019;14;4535.89;4401.13
Hipodromo;2020;14;4253.0;4052.71
Hipodromo;2021;15;3457.39;3349.12
Hipodromo;2022;75;5628.47;6119.74
Hipodromo;2023;36;5685.38;6335.49
Hipodromo;2024;25;4534.48;3996.09
Hipodromo;2025;27;4005.38;3607.71
Hipodromo;2026;9;3241.57;3210.99
Ibura;2015;31;4514.98;4699.59
Ibura;2016;34;3776.39;3977.14
Ibura;2017;30;3792.43;3527.72
Ibura;2018;127;3321.97;3064.58
Ibura;2019;37;3162.74;2933.34
Ibura;2020;40;3483.39;3027.73
Ibura;2021;64;3166.12;2896.62
Ibura;2022;35;3309.27;2628.75
Ibura;2023;61;3342.4;3016.9
Ibura;2024;74;3253.72;2576.92
Ibura;2025;48;3862.05;2716.68
Ibura;2026;31;3157.12;2283.03
Ilha Do Leite;2015;44;8436.73;8238.68
Ilha Do Leite;2016;90;10410.45;9882.3
Ilha Do Leite;2017;48;6973.68;8129.21
Ilha Do Leite;2018;263;7797.3;8222.95
Ilha Do Leite;2019;194;6754.52;7414.96
Ilha Do Leite;2020;96;7439.85;8444.57
Ilha Do Leite;2021;106;7061.26;7328.18
Ilha Do Leite;2022;110;6610.02;6596.86
Ilha Do Leite;2023;172;6073.93;5765.31
Ilha Do Leite;2024;122;5773.53;5732.18
Ilha Do Leite;2025;85;5360.77;5239.62
Ilha Do Leite;2026;54;6280.34;6216.94
Ilha Do Retiro;2015;11;6093.64;5654.25
Ilha Do Retiro;2016;88;5793.91;6721.36
Ilha Do Retiro;2017;51;7254.49;8066.09
Ilha Do Retiro;2018;103;5588.47;6893.26
Ilha Do Retiro;2019;106;5727.59;6773.46
Ilha Do Retiro;2020;64;6502.37;7007.03
Ilha Do Retiro;2021;69;6398.52;6725.37
Ilha Do Retiro;2022;57;5530.07;5707.81
Ilha Do Retiro;2023;199;6927.2;5992.44
Ilha Do Retiro;2024;108;7402.09;7299.6
Ilha Do Retiro;2025;97;7217.99;6962.66
Ilha Do Retiro;2026;47;7424.67;7123.47
Imbiribeira;2015;647;9347.8;10365.89
Imbiribeira;2016;519;8197.75;9159.16
Imbiribeira;2017;436;7249.94;6999.28
Imbiribeira;2018;574;6224.38;6218.04
Imbiribeira;2019;478;6442.86;6348.93
Imbiribeira;2020;358;6303.8;6295.8
Imbiribeira;2021;586;5728.83;5653.36
Imbiribeira;2022;644;5444.57;5649.04
Imbiribeira;2023;663;5521.22;5249.07
Imbiribeira;2024;672;5762.25;5872.96
Imbiribeira;2025;879;6146.03;6295.68
Imbiribeira;2026;864;6736.28;7014.49
Indefinido;2026;1;4144.57;4144.57
Ipsep;2015;67;4061.86;4048.73
Ipsep;2016;67;3845.15;3839.52
Ipsep;2017;59;3901.95;3832.01
Ipsep;2018;79;3876.4;3931.66
Ipsep;2019;86;3639.02;3458.74
Ipsep;2020;55;3687.76;3641.06
Ipsep;2021;80;3749.43;3520.42
Ipsep;2022;95;4117.76;3164.7
Ipsep;2023;81;3243.73;3199.69
Ipsep;2024;119;3346.69;3114.91
Ipsep;2025;92;3135.69;3024.24
Ipsep;2026;51;2733.76;2761.63
Iputinga;2015;163;5920.87;6254.74
Iputinga;2016;151;5563.11;5654.19
Iputinga;2017;160;4909.27;5052.95
Iputinga;2018;172;5129.29;5297.5
Iputinga;2019;519;5794.58;6023.67
Iputinga;2020;268;5381.62;5556.66
Iputinga;2021;314;4678.17;4815.92
Iputinga;2022;244;4553.65;4518.61
Iputinga;2023;306;4870.14;4685.54
Iputinga;2024;295;4340.18;4226.91
Iputinga;2025;235;3987.0;3822.8
Iputinga;2026;360;5928.12;6331.22
Jaqueira;2015;17;11252.09;12037.71
Jaqueira;2016;10;8694.89;9528.56
Jaqueira;2017;14;9402.24;9456.86
Jaqueira;2018;21;8949.95;8871.38
Jaqueira;2019;43;10340.97;9597.32
Jaqueira;2020;26;9284.73;8620.1
Jaqueira;2021;27;7437.0;7291.45
Jaqueira;2022;33;8355.61;7951.28
Jaqueira;2023;30;7953.16;7230.64
Jaqueira;2024;36;7118.53;7166.49
Jaqueira;2025;36;7122.17;6736.5
Jaqueira;2026;16;7874.56;7860.11
Jardim Sao Paulo;2015;99;6816.55;6212.58
Jardim Sao Paulo;2016;128;6606.16;6895.74
Jardim Sao Paulo;2017;88;6183.19;6003.28
Jardim Sao Paulo;2018;93;5598.43;5544.2
Jardim Sao Paulo;2019;94;4689.81;4049.15
Jardim Sao Paulo;2020;73;4544.96;4382.35
Jardim Sao Paulo;2021;119;4713.02;4913.47
Jardim Sao Paulo;2022;145;4583.97;5025.32
Jardim Sao Paulo;2023;189;5198.29;5595.9
Jardim Sao Paulo;2024;160;4755.0;5215.53
Jardim Sao Paulo;2025;202;5001.93;5313.63
Jardim Sao Paulo;2026;91;4612.92;4808.01
Jiquia;2015;7;3636.16;2505.05
Jiquia;2016;4;3330.96;3079.03
Jiquia;2017;5;3661.66;2878.16
Jiquia;2018;7;2651.69;2583.52
Jiquia;2019;7;3112.6;3837.52
Jiquia;2020;2;2260.34;2260.34
Jiquia;2021;9;2768.21;2740.61
Jiquia;2022;6;2712.68;2546.46
Jiquia;2023;6;3370.26;3487.73
Jiquia;2024;2;3890.82;3890.82
Jiquia;2025;2;1957.02;1957.02
Jiquia;2026;3;2388.72;2251.21
Jordao;2015;16;5713.87;5099.5
Jordao;2016;7;2826.92;2596.17
Jordao;2017;7;4837.39;5080.01
Jordao;2018;5;3341.64;3013.28
Jordao;2019;10;5224.16;4790.15
Jordao;2020;6;4656.7;4695.45
Jordao;2021;14;5161.46;4211.62
Jordao;2022;10;3011.34;2962.32
Jordao;2023;9;6291.36;4263.43
Jordao;2024;7;4725.78;4472.35
Jordao;2025;9;5617.25;4972.24
Jordao;2026;9;3720.11;3260.87
Linha Do Tiro;2015;2;3053.93;3053.93
Linha Do Tiro;2016;3;4404.64;4384.05
Linha Do Tiro;2017;2;3843.58;3843.58
Linha Do Tiro;2018;2;3515.15;3515.15
Linha Do Tiro;2019;5;4128.7;4222.52
Linha Do Tiro;2020;2;9345.32;9345.32
Linha Do Tiro;2021;6;3624.54;4130.26
Linha Do Tiro;2022;7;3735.74;3377.55
Linha Do Tiro;2023;7;3114.29;2962.25
Linha Do Tiro;2024;3;3456.82;3623.84
Linha Do Tiro;2025;8;2685.58;2857.28
Linha Do Tiro;2026;4;2824.84;2827.68
Macaxeira;2015;39;6093.59;6638.78
Macaxeira;2016;43;5472.98;5640.0
Macaxeira;2017;22;5250.85;5484.18
Macaxeira;2018;41;4836.22;4777.32
Macaxeira;2019;46;5152.08;5742.0
Macaxeira;2020;57;5608.5;5813.34
Macaxeira;2021;52;5250.22;5471.33
Macaxeira;2022;38;4982.64;5306.5
Macaxeira;2023;17;4225.84;5054.8
Macaxeira;2024;29;4758.22;4898.08
Macaxeira;2025;30;4563.9;4837.85
Macaxeira;2026;20;4953.98;4750.8
Madalena;2015;905;8728.5;9479.63
Madalena;2016;602;8007.95;8429.69
Madalena;2017;386;7391.22;7539.76
Madalena;2018;411;7220.76;7355.48
Madalena;2019;417;6665.79;6817.38
Madalena;2020;341;6864.02;6855.42
Madalena;2021;581;6298.2;6394.1
Madalena;2022;569;6183.61;6229.53
Madalena;2023;525;5974.86;5948.33
Madalena;2024;554;6409.02;6354.83
Madalena;2025;578;7042.17;6690.54
Madalena;2026;345;6625.87;6370.46
Mangabeira;2015;3;6066.02;6187.73
Mangabeira;2016;7;4983.42;5733.9
Mangabeira;2017;3;4094.22;4985.8
Mangabeira;2018;24;4806.94;4749.13
Mangabeira;2019;7;4919.78;4439.82
Mangabeira;2020;3;3101.49;3111.01
Mangabeira;2021;5;4096.35;3907.73
Mangabeira;2022;10;3396.09;3927.92
Mangabeira;2023;9;3193.08;3387.78
Mangabeira;2024;15;3728.45;3843.09
Mangabeira;2025;16;3100.8;3174.61
Mangabeira;2026;5;3049.72;2559.5
Mangueira;2015;1;5118.83;5118.83
Mangueira;2016;1;3570.53;3570.53
Mangueira;2018;1;2208.23;2208.23
Mangueira;2019;4;5621.06;4950.8
Mangueira;2021;1;3110.65;3110.65
Mangueira;2022;2;6371.48;6371.48
Mangueira;2023;1;2036.99;2036.99
Mangueira;2024;4;2560.82;2769.08
Mangueira;2025;4;2415.85;2621.32
Monteiro;2015;68;8876.84;9550.71
Monteiro;2016;73;5851.95;5392.81
Monteiro;2017;71;6304.92;6971.92
Monteiro;2018;51;7384.01;7602.97
Monteiro;2019;83;6783.91;6815.22
Monteiro;2020;150;5736.52;6544.36
Monteiro;2021;154;7285.53;7500.42
Monteiro;2022;86;6236.93;6660.82
Monteiro;2023;134;7065.33;7222.52
Monteiro;2024;81;7054.41;7356.68
Monteiro;2025;75;7271.01;7480.87
Monteiro;2026;96;7491.36;8144.5
Morro Da Conceicao;2015;3;3414.1;2114.1
Morro Da Conceicao;2016;3;3607.82;2585.91
Morro Da Conceicao;2017;6;3991.08;2456.27
Morro Da Conceicao;2018;1;2059.14;2059.14
Morro Da Conceicao;2019;4;2955.06;2604.28
Morro Da Conceicao;2020;3;5451.97;4034.68
Morro Da Conceicao;2021;3;4703.94;4116.15
Morro Da Conceicao;2022;1;3363.6;3363.6
Morro Da Conceicao;2023;3;3193.1;3236.51
Morro Da Conceicao;2024;2;2690.11;2690.11
Morro Da Conceicao;2025;2;4741.62;4741.62
Morro Da Conceicao;2026;2;3489.22;3489.22
Mustardinha;2015;2;1754.16;1754.16
Mustardinha;2016;3;2438.59;2879.02
Mustardinha;2017;1;2132.92;2132.92
Mustardinha;2018;1;2043.77;2043.77
Mustardinha;2019;7;2956.07;2595.3
Mustardinha;2022;3;2263.93;2143.1
Mustardinha;2023;4;3749.4;3909.76
Mustardinha;2024;4;1694.92;1805.86
Mustardinha;2025;1;2854.47;2854.47
Mustardinha;2026;1;2061.01;2061.01
Nova Descoberta;2015;7;2179.71;1754.56
Nova Descoberta;2016;2;1761.33;1761.33
Nova Descoberta;2017;2;3661.72;3661.72
Nova Descoberta;2018;8;4328.09;4151.2
Nova Descoberta;2019;2;2795.35;2795.35
Nova Descoberta;2020;1;1929.41;1929.41
Nova Descoberta;2021;4;2260.82;2222.84
Nova Descoberta;2022;6;4993.03;3853.34
Nova Descoberta;2023;6;2920.5;2800.24
Nova Descoberta;2024;7;2978.06;3002.28
Nova Descoberta;2025;6;3939.9;2551.74
Nova Descoberta;2026;2;3652.6;3652.6
Paissandu;2015;18;8326.57;8348.51
Paissandu;2016;118;8807.64;9011.63
Paissandu;2017;35;7827.66;8409.16
Paissandu;2018;99;7986.93;8300.28
Paissandu;2019;90;6253.39;7766.2
Paissandu;2020;34;6369.09;7445.53
Paissandu;2021;58;6130.99;7098.44
Paissandu;2022;62;5862.37;6563.66
Paissandu;2023;95;5307.05;5470.94
Paissandu;2024;57;5006.76;5254.9
Paissandu;2025;73;4924.49;4927.06
Paissandu;2026;69;5231.42;4885.12
Parnamirim;2015;88;9717.56;10163.36
Parnamirim;2016;92;9244.45;9215.8
Parnamirim;2017;74;7622.09;7105.06
Parnamirim;2018;82;8218.16;7777.22
Parnamirim;2019;109;7456.79;7797.61
Parnamirim;2020;172;6587.84;6672.86
Parnamirim;2021;165;7109.11;6870.61
Parnamirim;2022;175;7915.2;7866.48
Parnamirim;2023;194;7128.02;7139.31
Parnamirim;2024;235;7926.09;7212.81
Parnamirim;2025;219;7448.59;6905.6
Parnamirim;2026;116;6974.91;6534.32
Passarinho;2017;1;1684.88;1684.88
Passarinho;2019;1;2073.53;2073.53
Passarinho;2021;1;3450.72;3450.72
Passarinho;2024;447;4523.38;4523.58
Passarinho;2025;226;4565.57;4570.13
Passarinho;2026;39;4728.97;4682.87
Pina;2015;660;9188.82;8964.18
Pina;2016;616;8796.23;8157.0
Pina;2017;382;8517.68;7996.91
Pina;2018;406;8688.22;8457.52
Pina;2019;357;8137.75;7713.92
Pina;2020;282;8914.6;8556.09
Pina;2021;458;8921.67;8733.41
Pina;2022;1160;8229.43;8733.86
Pina;2023;578;7931.39;8256.66
Pina;2024;712;6779.29;6769.72
Pina;2025;428;7925.13;7817.26
Pina;2026;299;8634.89;7969.64
Poco;2015;98;8816.14;9492.77
Poco;2016;180;5710.82;4645.15
Poco;2017;108;8443.72;9068.57
Poco;2018;76;7877.57;8281.7
Poco;2019;64;8007.76;8244.64
Poco;2020;58;7760.12;7910.83
Poco;2021;112;7595.45;7790.32
Poco;2022;71;6838.04;6949.45
Poco;2023;81;7310.2;7509.33
Poco;2024;87;6572.83;6345.32
Poco;2025;136;7887.91;8410.77
Poco;2026;65;7675.35;7426.05
Ponto De Parada;2015;6;7665.4;7761.46
Ponto De Parada;2016;33;7702.6;8100.75
Ponto De Parada;2017;21;6517.51;6796.67
Ponto De Parada;2018;31;6506.61;6844.78
Ponto De Parada;2019;54;4646.81;4996.57
Ponto De Parada;2020;26;5571.61;6662.46
Ponto De Parada;2021;23;5129.06;5653.21
Ponto De Parada;2022;22;5345.47;5399.43
Ponto De Parada;2023;18;4981.14;5083.02
Ponto De Parada;2024;10;5894.61;5841.53
Ponto De Parada;2025;13;4367.58;3746.02
Ponto De Parada;2026;7;5101.08;4910.56
Porto Da Madeira;2015;14;5096.46;5251.75
Porto Da Madeira;2016;7;4687.02;4711.03
Porto Da Madeira;2017;14;4449.66;4344.18
Porto Da Madeira;2018;22;3921.24;3711.79
Porto Da Madeira;2019;19;4159.3;3974.89
Porto Da Madeira;2020;13;3601.63;3638.64
Porto Da Madeira;2021;18;3619.35;3701.67
Porto Da Madeira;2022;16;4064.91;4177.01
Porto Da Madeira;2023;15;3359.8;3077.53
Porto Da Madeira;2024;24;3449.2;3282.82
Porto Da Madeira;2025;29;3851.69;3179.95
Porto Da Madeira;2026;14;3115.52;3092.72
Prado;2015;76;6596.64;6568.39
Prado;2016;57;6509.35;6674.88
Prado;2017;87;6493.66;7228.47
Prado;2018;61;5408.23;5805.34
Prado;2019;54;5833.41;6104.86
Prado;2020;75;5641.53;5876.26
Prado;2021;138;5687.93;6201.92
Prado;2022;61;4404.05;4303.79
Prado;2023;55;4616.62;4347.32
Prado;2024;71;4187.14;3927.11
Prado;2025;75;4074.04;3981.51
Prado;2026;42;4344.3;4456.0
Recife;2015;7;4884.28;4234.98
Recife;2016;7;4406.02;4098.04
Recife;2017;9;4376.51;5564.99
Recife;2018;21;4707.97;4682.79
Recife;2019;15;4259.79;4243.44
Recife;2020;6;7443.43;7073.92
Recife;2021;27;5365.85;4137.17
Recife;2022;11;5168.47;4005.73
Recife;2023;18;6194.78;5571.22
Recife;2024;11;4612.02;3305.87
Recife;2025;212;3908.57;3901.3
Recife;2026;99;10546.29;11538.13
Rosarinho;2015;342;9987.83;10431.56
Rosarinho;2016;267;9423.59;9692.83
Rosarinho;2017;204;7567.36;8482.44
Rosarinho;2018;160;8117.26;8264.06
Rosarinho;2019;145;8248.86;8203.19
Rosarinho;2020;149;7654.23;7728.01
Rosarinho;2021;272;7068.21;6948.76
Rosarinho;2022;265;6470.29;6414.74
Rosarinho;2023;159;6874.18;6863.48
Rosarinho;2024;191;7036.19;7049.36
Rosarinho;2025;160;6977.72;7031.33
Rosarinho;2026;108;7044.87;6954.68
San Martin;2015;54;6335.41;7180.6
San Martin;2016;52;5758.07;5853.0
San Martin;2017;44;5214.13;6023.01
San Martin;2018;45;5058.88;4642.48
San Martin;2019;50;4894.99;5170.71
San Martin;2020;38;5120.68;5075.36
San Martin;2021;79;4968.94;5139.83
San Martin;2022;57;4675.87;4600.18
San Martin;2023;73;4338.28;4243.72
San Martin;2024;81;4783.52;4747.06
San Martin;2025;70;4160.28;3836.27
San Martin;2026;235;7526.3;7971.02
Sancho;2015;1;8377.87;8377.87
Sancho;2016;6;3780.92;3094.92
Sancho;2017;5;5697.7;6239.52
Sancho;2018;7;4052.14;4304.15
Sancho;2019;4;3782.1;3724.26
Sancho;2020;10;5184.38;5087.13
Sancho;2021;8;5012.99;5145.15
Sancho;2022;18;2879.31;2770.09
Sancho;2023;10;3390.86;2755.48
Sancho;2024;6;5764.82;5402.24
Sancho;2025;5;3439.76;2894.3
Sancho;2026;7;3970.46;3161.38
Santana;2015;30;8124.72;8112.99
Santana;2016;92;4648.71;2735.27
Santana;2017;33;6322.06;6980.2
Santana;2018;32;8240.84;7825.74
Santana;2019;53;6283.84;5361.32
Santana;2020;25;6652.23;6796.63
Santana;2021;80;4986.5;5124.9
Santana;2022;48;6501.75;6353.6
Santana;2023;76;8100.17;8068.36
Santana;2024;53;7277.72;6607.42
Santana;2025;33;5711.2;5837.8
Santana;2026;21;6372.01;5915.97
Santo Amaro;2015;119;5528.29;5194.2
Santo Amaro;2016;152;5409.84;4658.55
Santo Amaro;2017;149;5153.4;4557.52
Santo Amaro;2018;778;8608.96;8634.09
Santo Amaro;2019;1452;9394.98;8410.35
Santo Amaro;2020;643;7415.56;7823.46
Santo Amaro;2021;394;7094.82;7970.94
Santo Amaro;2022;242;5656.44;5370.96
Santo Amaro;2023;172;5476.99;4834.38
Santo Amaro;2024;211;5227.66;4801.96
Santo Amaro;2025;294;6195.93;6958.32
Santo Amaro;2026;117;5233.54;4497.16
Santo Antonio;2015;63;4332.52;3169.48
Santo Antonio;2016;63;3943.31;3032.57
Santo Antonio;2017;75;4942.32;3288.93
Santo Antonio;2018;52;4453.65;4101.4
Santo Antonio;2019;79;3923.19;3744.14
Santo Antonio;2020;48;3560.62;3397.36
Santo Antonio;2021;117;2871.83;3000.92
Santo Antonio;2022;54;2960.85;2766.16
Santo Antonio;2023;87;2889.63;2519.39
Santo Antonio;2024;52;3142.58;2363.56
Santo Antonio;2025;54;2260.23;2170.58
Santo Antonio;2026;35;4047.86;2749.27
Sao Jose;2015;25;7493.13;5569.36
Sao Jose;2016;83;7095.75;5633.8
Sao Jose;2017;23;5085.72;3650.31
Sao Jose;2018;47;7073.37;6157.59
Sao Jose;2019;46;6603.99;4776.04
Sao Jose;2020;20;7704.69;6999.72
Sao Jose;2021;52;6899.87;7020.1
Sao Jose;2022;52;6020.09;4458.34
Sao Jose;2023;48;6150.38;4649.55
Sao Jose;2024;333;9728.2;9798.73
Sao Jose;2025;126;8581.97;10806.66
Sao Jose;2026;62;8526.98;9240.2
Sitio Dos Pintos;2017;3;2382.68;2226.24
Sitio Dos Pintos;2018;1;4206.41;4206.41
Sitio Dos Pintos;2019;4;3563.69;3490.1
Sitio Dos Pintos;2020;2;2818.06;2818.06
Sitio Dos Pintos;2021;6;3302.24;3673.18
Sitio Dos Pintos;2022;2;4248.88;4248.88
Sitio Dos Pintos;2024;3;5123.72;4666.09
Sitio Dos Pintos;2025;3;5176.55;5160.49
Sitio Dos Pintos;2026;3;4502.97;5276.41
Soledade;2015;27;7339.03;8183.67
Soledade;2016;27;7587.74;8046.72
Soledade;2017;26;5298.82;5519.2
Soledade;2018;26;5040.46;5172.43
Soledade;2019;24;5001.57;4783.04
Soledade;2020;81;6324.29;5956.51
Soledade;2021;134;7300.78;8098.64
Soledade;2022;110;5912.23;5818.6
Soledade;2023;64;5817.23;5498.68
Soledade;2024;84;5434.05;4993.16
Soledade;2025;82;5902.34;5319.67
Soledade;2026;47;5404.65;4653.07
Tamarineira;2015;232;8498.18;8798.67
Tamarineira;2016;201;7626.87;7964.48
Tamarineira;2017;192;5951.69;5766.12
Tamarineira;2018;250;8687.43;8912.14
Tamarineira;2019;226;7152.13;7171.1
Tamarineira;2020;218;7093.99;6857.36
Tamarineira;2021;236;6215.31;6071.31
Tamarineira;2022;242;6066.91;5620.98
Tamarineira;2023;250;6022.96;5646.68
Tamarineira;2024;297;6412.51;6533.22
Tamarineira;2025;264;6363.53;6293.07
Tamarineira;2026;173;5934.04;5870.5
Tejipio;2015;17;6039.68;6442.29
Tejipio;2016;139;6374.07;6693.2
Tejipio;2017;132;5970.11;6053.71
Tejipio;2018;85;5289.84;5528.87
Tejipio;2019;244;4191.37;4120.16
Tejipio;2020;64;4388.55;4279.71
Tejipio;2021;36;4558.95;4360.82
Tejipio;2022;36;4033.32;4012.58
Tejipio;2023;63;4153.22;4103.56
Tejipio;2024;82;3852.54;3651.1
Tejipio;2025;87;3944.81;3967.69
Tejipio;2026;49;3565.24;3666.52
Torre;2015;392;9261.04;9438.3
Torre;2016;438;8329.47;8606.31
Torre;2017;232;7659.48;7683.82
Torre;2018;272;7195.48;7265.02
Torre;2019;360;7077.36;7327.23
Torre;2020;339;7250.51;7412.39
Torre;2021;382;6431.09;6778.82
Torre;2022;477;6129.92;6021.3
Torre;2023;394;6463.96;6189.82
Torre;2024;366;6082.04;6020.05
Torre;2025;383;6222.12;6500.5
Torre;2026;386;7096.53;7376.22
Torreao;2015;13;5045.68;5428.04
Torreao;2016;41;8209.27;9239.21
Torreao;2017;50;8648.13;9401.19
Torreao;2018;79;7416.85;8421.22
Torreao;2019;67;7467.41;7928.08
Torreao;2020;51;6997.41;7908.43
Torreao;2021;39;6092.56;6791.35
Torreao;2022;38;5305.39;5458.51
Torreao;2023;72;7056.31;7448.26
Torreao;2024;55;6369.71;7314.71
Torreao;2025;74;5222.78;5421.86
Torreao;2026;18;4826.96;5072.74
Torroes;2015;11;3980.91;4135.18
Torroes;2016;10;3361.72;3183.06
Torroes;2017;7;3994.3;3709.21
Torroes;2018;6;3695.88;3783.92
Torroes;2019;6;3368.25;3452.31
Torroes;2020;9;3595.38;3897.06
Torroes;2021;8;4999.64;3353.36
Torroes;2022;11;4461.99;4384.47
Torroes;2023;17;3534.96;3280.93
Torroes;2024;14;3877.3;3095.36
Torroes;2025;14;3002.57;3090.14
Torroes;2026;7;2873.4;2840.66
Toto;2020;1;3374.32;3374.32
Toto;2021;1;4587.47;4587.47
Toto;2025;2;4018.44;4018.44
Varzea;2015;429;6466.0;6537.12
Varzea;2016;221;5443.53;5304.55
Varzea;2017;307;5760.67;5711.16
Varzea;2018;322;5464.67;5381.34
Varzea;2019;261;5043.93;5066.49
Varzea;2020;337;4709.16;4678.16
Varzea;2021;626;5408.71;5828.04
Varzea;2022;699;4622.56;3830.5
Varzea;2023;551;4654.62;3957.39
Varzea;2024;767;5573.4;5468.56
Varzea;2025;1096;5691.84;5073.76
Varzea;2026;867;5416.14;4806.83
Vasco Da Gama;2015;14;5146.27;5137.33
Vasco Da Gama;2016;20;4078.93;3945.75
Vasco Da Gama;2017;30;4586.59;4103.84
Vasco Da Gama;2018;20;4789.47;4281.38
Vasco Da Gama;2019;12;3624.7;3975.54
Vasco Da Gama;2020;12;4225.92;4554.68
Vasco Da Gama;2021;60;3812.64;3826.75
Vasco Da Gama;2022;277;3626.77;3659.88
Vasco Da Gama;2023;17;3714.98;3411.41
Vasco Da Gama;2024;27;3903.45;3652.96
Vasco Da Gama;2025;277;6290.71;6430.74
Vasco Da Gama;2026;105;6543.43;7045.81
Zumbi;2015;7;4362.35;3977.2
Zumbi;2016;6;3635.39;3768.94
Zumbi;2017;8;3684.62;3973.51
Zumbi;2018;8;5061.14;3464.18
Zumbi;2019;9;3607.82;3042.9
Zumbi;2020;9;3116.61;2775.86
Zumbi;2021;29;4312.97;5148.94
Zumbi;2022;17;3652.82;3388.06
Zumbi;2023;57;6421.13;7271.86
Zumbi;2024;34;6230.97;7021.77
Zumbi;2025;28;5670.9;5299.75
Zumbi;2026;10;3890.21;3374.02
