bairro_padronizado;ano_arquivo;total_transacoes;preco_m2_medio_corrigido;preco_m2_mediana_corrigida;preco_m2_medio_nominal
Aflitos;2015;78;6148.31;5946.45;3418.95
Aflitos;2016;67;5318.59;5263.33;3245.48
Aflitos;2017;51;4779.78;4962.95;3026.44
Aflitos;2018;115;4962.11;4870.8;3250.08
Aflitos;2019;161;3767.27;4278.47;2567.3
Aflitos;2020;86;4252.16;4309.14;3011.37
Aflitos;2021;116;4136.46;4100.98;3137.31
Aflitos;2022;97;3805.91;3624.03;3178.83
Aflitos;2023;106;4167.36;3898.06;3630.12
Aflitos;2024;117;3956.95;3737.71;3598.07
Aflitos;2025;110;3886.31;3766.44;3702.27
Aflitos;2026;67;3915.45;3721.11;3883.86
Afogados;2015;58;3463.81;3429.08;1946.4
Afogados;2016;43;4131.24;4059.23;2528.09
Afogados;2017;49;3149.77;3135.43;1991.24
Afogados;2018;34;3144.14;2837.35;2066.55
Afogados;2019;41;3267.15;2882.24;2228.59
Afogados;2020;36;2742.68;2635.47;1932.62
Afogados;2021;58;2813.53;2470.22;2160.76
Afogados;2022;329;3797.49;4153.11;3160.17
Afogados;2023;87;3325.45;2840.18;2901.9
Afogados;2024;70;2618.28;2300.76;2368.87
Afogados;2025;63;2752.05;2635.2;2622.73
Afogados;2026;31;2409.9;2331.0;2378.31
Agua Fria;2015;26;4322.55;4097.67;2422.31
Agua Fria;2016;25;3944.18;3947.91;2406.41
Agua Fria;2017;15;3984.71;3349.07;2524.03
Agua Fria;2018;20;3644.59;3204.06;2395.96
Agua Fria;2019;21;4060.91;3423.6;2766.54
Agua Fria;2020;80;4943.02;5005.0;3474.16
Agua Fria;2021;66;3990.06;4250.13;3039.35
Agua Fria;2022;41;3633.3;3565.05;3020.39
Agua Fria;2023;60;3843.55;3350.22;3338.45
Agua Fria;2024;47;3881.35;3291.74;3522.38
Agua Fria;2025;33;3717.83;3361.38;3521.65
Agua Fria;2026;12;3835.94;3903.69;3797.11
Alto Do Mandu;2015;4;3323.79;3606.05;1832.01
Alto Do Mandu;2016;3;3096.55;3118.89;1891.34
Alto Do Mandu;2017;2;2288.48;2288.48;1463.42
Alto Do Mandu;2018;1;1203.72;1203.72;779.96
Alto Do Mandu;2019;2;2624.43;2624.43;1761.2
Alto Do Mandu;2020;2;2358.75;2358.75;1659.73
Alto Do Mandu;2021;3;2706.34;2750.99;2002.16
Alto Do Mandu;2022;5;3054.19;2765.63;2513.03
Alto Do Mandu;2023;4;2236.43;2066.22;1936.64
Alto Do Mandu;2024;2;6251.94;6251.94;5576.18
Alto Do Mandu;2025;3;1654.92;1983.13;1564.65
Alto Do Mandu;2026;1;2139.65;2139.65;2108.3
Alto Jose Bonifacio;2015;5;3435.32;2812.61;1935.72
Alto Jose Bonifacio;2016;2;2355.26;2355.26;1435.41
Alto Jose Bonifacio;2017;1;2237.21;2237.21;1405.15
Alto Jose Bonifacio;2021;3;3020.49;3723.87;2354.32
Alto Jose Bonifacio;2022;2;4521.4;4521.4;3772.22
Alto Jose Bonifacio;2023;2;7447.68;7447.68;6507.23
Alto Jose Bonifacio;2024;2;1794.01;1794.01;1642.08
Alto Jose Bonifacio;2025;3;5847.39;5209.78;5600.93
Alto Jose Do Pinho;2015;4;2214.92;2241.28;1219.8
Alto Jose Do Pinho;2016;7;3253.57;2913.33;1990.01
Alto Jose Do Pinho;2017;4;3884.59;3427.99;2463.15
Alto Jose Do Pinho;2018;4;4986.04;4020.63;3293.71
Alto Jose Do Pinho;2019;4;3994.21;3821.84;2723.13
Alto Jose Do Pinho;2020;5;3905.31;3581.96;2725.19
Alto Jose Do Pinho;2021;5;4411.33;3382.99;3501.29
Alto Jose Do Pinho;2022;5;5472.47;4318.06;4560.05
Alto Jose Do Pinho;2023;7;5245.54;4595.59;4550.41
Alto Jose Do Pinho;2024;10;5368.84;3554.84;4849.16
Alto Jose Do Pinho;2025;5;5049.59;4441.52;4824.95
Alto Jose Do Pinho;2026;5;3525.82;2316.44;3502.19
Alto Santa Terezinha;2016;1;6065.14;6065.14;3636.36
Alto Santa Terezinha;2017;1;11117.23;11117.23;7000.0
Alto Santa Terezinha;2022;1;2801.31;2801.31;2337.14
Apipucos;2015;8;5188.81;5606.97;2909.28
Apipucos;2016;5;5300.75;5216.23;3236.57
Apipucos;2017;4;5146.14;5014.16;3255.18
Apipucos;2018;1;5704.72;5704.72;3785.03
Apipucos;2019;1;5295.85;5295.85;3637.5
Apipucos;2020;3;4133.3;4223.86;2919.41
Apipucos;2021;7;3813.77;3699.24;2910.6
Apipucos;2022;8;4884.64;4192.11;4005.72
Apipucos;2023;10;4129.32;4333.56;3576.74
Apipucos;2024;7;3920.83;3489.97;3552.13
Apipucos;2025;6;3983.15;3451.3;3806.28
Apipucos;2026;3;3321.25;3402.82;3273.27
Areias;2015;44;3362.92;3682.2;1896.44
Areias;2016;64;3501.24;3238.35;2155.77
Areias;2017;47;3158.41;3075.61;1997.63
Areias;2018;70;3081.57;2976.78;2022.41
Areias;2019;49;2794.55;2793.77;1901.82
Areias;2020;69;3365.82;2697.63;2385.09
Areias;2021;86;2754.33;2541.09;2095.29
Areias;2022;112;2747.76;2493.7;2287.33
Areias;2023;83;2850.73;2513.3;2484.76
Areias;2024;96;2461.04;2408.43;2237.08
Areias;2025;94;2397.02;2175.15;2282.53
Areias;2026;45;2511.77;2433.31;2473.82
Arruda;2015;43;4341.8;3897.91;2430.05
Arruda;2016;40;3426.71;3240.4;2094.4
Arruda;2017;32;3725.71;3317.74;2361.1
Arruda;2018;55;3534.63;3293.12;2316.99
Arruda;2019;44;3680.72;3285.98;2505.92
Arruda;2020;36;3299.64;3063.96;2323.72
Arruda;2021;47;3232.08;2905.49;2446.29
Arruda;2022;45;3454.51;2866.95;2869.1
Arruda;2023;59;2954.85;2874.09;2571.92
Arruda;2024;45;3071.22;2812.81;2787.91
Arruda;2025;39;3364.12;2879.43;3208.93
Arruda;2026;26;3861.28;3622.24;3825.7
Barro;2015;36;4970.2;5346.25;2798.88
Barro;2016;32;4638.49;4369.17;2831.5
Barro;2017;33;3941.76;4168.84;2497.37
Barro;2018;60;4843.77;5439.34;3150.51
Barro;2019;76;4906.85;5139.85;3346.53
Barro;2020;320;3597.28;3391.82;2530.44
Barro;2021;112;4080.4;3986.43;3078.19
Barro;2022;83;3778.72;3724.17;3144.36
Barro;2023;54;3558.42;3593.63;3093.46
Barro;2024;137;3811.75;3741.44;3427.77
Barro;2025;51;3411.92;3543.01;3262.55
Barro;2026;40;3679.48;3392.02;3646.61
Beberibe;2017;2;2559.18;2559.18;1619.7
Beberibe;2018;3;6007.04;3618.57;3886.31
Beberibe;2019;3;2934.42;2949.49;2015.26
Beberibe;2020;1;1525.51;1525.51;1064.72
Beberibe;2021;1;5126.73;5126.73;3900.0
Beberibe;2022;1;2580.12;2580.12;2160.69
Beberibe;2023;2;5075.77;5075.77;4413.99
Beberibe;2025;3;2915.36;3262.89;2734.87
Beberibe;2026;1;3402.19;3402.19;3300.0
Boa Viagem;2015;2715;6878.87;6868.42;3880.12
Boa Viagem;2016;3305;6416.27;6481.96;3920.68
Boa Viagem;2017;3110;5863.62;5744.82;3711.25
Boa Viagem;2018;3027;5734.18;5648.11;3763.41
Boa Viagem;2019;3168;5608.62;5520.8;3820.36
Boa Viagem;2020;3172;5361.75;5329.78;3783.82
Boa Viagem;2021;3885;5146.85;4968.6;3906.3
Boa Viagem;2022;4041;5135.56;4635.46;4279.83
Boa Viagem;2023;3308;4924.3;4555.43;4276.94
Boa Viagem;2024;3584;4943.58;4571.56;4487.05
Boa Viagem;2025;4251;5084.99;4736.14;4849.0
Boa Viagem;2026;2502;5259.95;4844.66;5205.01
Boa Vista;2015;292;5036.08;5077.13;2830.49
Boa Vista;2016;394;4998.74;5552.42;3069.29
Boa Vista;2017;289;4438.41;4492.49;2809.82
Boa Vista;2018;293;3884.22;3600.3;2549.98
Boa Vista;2019;290;3817.0;3718.94;2595.43
Boa Vista;2020;213;4343.26;3672.09;3049.51
Boa Vista;2021;383;3765.09;3871.05;2860.76
Boa Vista;2022;557;3528.29;3212.96;2938.46
Boa Vista;2023;401;4281.07;3200.93;3716.51
Boa Vista;2024;455;4228.12;3915.61;3863.26
Boa Vista;2025;645;4138.13;4306.22;3945.07
Boa Vista;2026;387;4287.24;4118.76;4230.51
Bomba Do Hemeterio;2015;1;4041.95;4041.95;2325.58
Bomba Do Hemeterio;2016;2;4755.36;4755.36;2928.0
Bomba Do Hemeterio;2018;6;3620.1;3635.61;2365.11
Bomba Do Hemeterio;2019;6;3983.72;4235.99;2720.46
Bomba Do Hemeterio;2020;3;5023.23;4528.96;3561.73
Bomba Do Hemeterio;2021;5;3922.29;2833.24;3001.23
Bomba Do Hemeterio;2023;2;3467.5;3467.5;3049.92
Bomba Do Hemeterio;2024;3;7847.44;5969.21;7115.55
Bomba Do Hemeterio;2025;1;2148.54;2148.54;2057.14
Bomba Do Hemeterio;2026;1;4145.76;4145.76;4142.86
Bongi;2015;77;5234.83;5479.13;2944.69
Bongi;2016;16;4629.67;4957.73;2840.46
Bongi;2017;13;4406.8;4606.54;2793.61
Bongi;2018;13;4186.69;4508.77;2756.4
Bongi;2019;15;3322.33;3238.16;2265.68
Bongi;2020;12;3896.02;3638.08;2771.66
Bongi;2021;20;3310.74;3116.5;2513.8
Bongi;2022;17;3649.03;3721.45;3029.46
Bongi;2023;16;3460.11;3678.42;3000.78
Bongi;2024;28;3692.86;3159.36;3363.61
Bongi;2025;19;3490.34;3469.35;3330.0
Bongi;2026;8;2962.42;2830.38;2944.95
Brasilia Teimosa;2015;2;3599.28;3599.28;2021.95
Brasilia Teimosa;2016;3;1345.95;1123.83;821.5
Brasilia Teimosa;2017;2;2114.6;2114.6;1333.34
Brasilia Teimosa;2018;4;3682.36;2938.18;2410.46
Brasilia Teimosa;2019;1;3713.64;3713.64;2537.8
Brasilia Teimosa;2021;2;5302.55;5302.55;4163.27
Brasilia Teimosa;2026;3;3523.82;3573.93;3497.76
Brejo Da Guabiraba;2015;1;4810.29;4810.29;2666.67
Brejo Da Guabiraba;2021;2;2468.14;2468.14;1843.84
Brejo Da Guabiraba;2022;4;4836.77;4461.13;4077.64
Brejo Da Guabiraba;2023;2;8023.36;8023.36;7009.6
Brejo De Beberibe;2015;3;1705.17;1610.59;957.9
Brejo De Beberibe;2016;1;6518.78;6518.78;4032.26
Brejo De Beberibe;2017;5;2878.6;3325.39;1807.76
Brejo De Beberibe;2018;4;4548.76;2745.4;2985.28
Brejo De Beberibe;2019;1;2255.1;2255.1;1538.46
Brejo De Beberibe;2020;1;1429.85;1429.85;1006.75
Brejo De Beberibe;2021;3;2911.98;2186.73;2124.36
Brejo De Beberibe;2023;2;4456.04;4456.04;3877.21
Brejo De Beberibe;2024;1;1615.84;1615.84;1476.45
Brejo De Beberibe;2026;1;1499.6;1499.6;1464.74
Cabanga;2015;2;2789.02;2789.02;1528.76
Cabanga;2016;3;2978.33;3073.64;1819.71
Cabanga;2017;7;2595.34;2398.62;1635.97
Cabanga;2018;2;2712.3;2712.3;1769.15
Cabanga;2019;2;1916.95;1916.95;1306.6
Cabanga;2020;6;3570.14;2913.56;2520.37
Cabanga;2021;3;2977.6;2956.81;2234.42
Cabanga;2022;6;2755.62;2558.31;2305.64
Cabanga;2023;7;3468.81;3310.28;3019.94
Cabanga;2024;3;3371.68;3050.49;3075.76
Cabanga;2025;3;2154.67;1901.4;2051.89
Cabanga;2026;5;3368.43;3513.04;3316.25
Cacote;2016;1;1578.38;1578.38;984.35
Cacote;2017;1;2041.96;2041.96;1282.52
Cacote;2019;2;5163.26;5163.26;3515.41
Cacote;2026;2;4460.08;4460.08;4360.15
Cajueiro;2015;10;4192.47;4115.24;2325.34
Cajueiro;2016;8;3420.58;3336.59;2099.07
Cajueiro;2017;11;4489.13;3612.72;2842.79
Cajueiro;2018;5;3513.23;2862.64;2331.7
Cajueiro;2019;8;3969.53;3980.66;2692.58
Cajueiro;2020;8;3683.18;3445.28;2581.84
Cajueiro;2021;17;3211.09;2840.11;2445.61
Cajueiro;2022;7;3282.45;2884.75;2712.37
Cajueiro;2023;14;2772.74;2955.38;2424.33
Cajueiro;2024;17;3035.42;2736.02;2767.08
Cajueiro;2025;15;4026.65;3500.44;3843.62
Cajueiro;2026;5;2931.67;3097.81;2915.86
Campina Do Barreto;2015;2;5548.32;5548.32;3122.98
Campina Do Barreto;2016;5;2825.08;2754.94;1717.68
Campina Do Barreto;2017;1;3407.72;3407.72;2148.69
Campina Do Barreto;2018;151;3480.91;3451.08;2315.81
Campina Do Barreto;2019;75;3467.15;3409.88;2356.22
Campina Do Barreto;2020;213;3462.18;3466.33;2423.33
Campina Do Barreto;2021;37;3451.39;3217.8;2619.91
Campina Do Barreto;2022;29;3348.62;3069.19;2787.37
Campina Do Barreto;2023;24;3522.91;3533.05;3054.86
Campina Do Barreto;2024;27;3926.67;3630.11;3577.28
Campina Do Barreto;2025;16;3194.29;3369.02;3056.69
Campina Do Barreto;2026;9;3605.23;3510.62;3568.27
Campo Grande;2015;148;4913.93;4920.66;2749.43
Campo Grande;2016;123;4522.47;4316.68;2756.25
Campo Grande;2017;108;4077.75;4002.74;2581.65
Campo Grande;2018;155;4070.72;4141.09;2663.53
Campo Grande;2019;96;3910.42;3854.52;2661.12
Campo Grande;2020;108;3945.6;3987.46;2785.7
Campo Grande;2021;177;3678.25;3681.28;2812.32
Campo Grande;2022;168;3280.05;3383.38;2729.05
Campo Grande;2023;148;3284.79;3265.12;2865.79
Campo Grande;2024;306;3949.58;4175.86;3581.33
Campo Grande;2025;281;3893.69;4059.05;3707.96
Campo Grande;2026;174;3794.5;3906.86;3755.32
Casa Amarela;2015;468;6020.17;6055.01;3401.81
Casa Amarela;2016;612;5757.23;5799.13;3498.59
Casa Amarela;2017;462;4924.86;4969.3;3116.08
Casa Amarela;2018;580;4650.78;4864.57;3057.39
Casa Amarela;2019;449;4937.9;5093.43;3363.23
Casa Amarela;2020;460;4607.9;4701.58;3251.1
Casa Amarela;2021;534;4347.09;4463.8;3311.21
Casa Amarela;2022;534;4130.73;4252.67;3436.38
Casa Amarela;2023;504;4198.62;4220.04;3657.29
Casa Amarela;2024;580;4218.92;4231.1;3832.12
Casa Amarela;2025;563;4131.03;4129.78;3939.88
Casa Amarela;2026;291;4018.27;3916.84;3978.86
Casa Forte;2015;93;6696.64;6671.89;3764.37
Casa Forte;2016;98;5807.5;6033.46;3540.08
Casa Forte;2017;86;6513.25;5795.28;4119.46
Casa Forte;2018;81;5594.8;5381.36;3673.47
Casa Forte;2019;101;5766.61;5687.34;3931.86
Casa Forte;2020;87;5196.53;5268.56;3659.22
Casa Forte;2021;192;5531.32;5618.7;4197.68
Casa Forte;2022;107;4931.71;5018.53;4100.66
Casa Forte;2023;93;5387.24;5080.58;4692.36
Casa Forte;2024;121;5321.11;5063.43;4826.28
Casa Forte;2025;138;5700.06;5343.96;5438.99
Casa Forte;2026;100;5479.72;5175.28;5412.51
Caxanga;2015;256;5300.37;5306.54;2966.27
Caxanga;2016;90;4508.65;4803.82;2745.64
Caxanga;2017;75;4567.28;4591.64;2891.11
Caxanga;2018;68;4114.95;4270.92;2695.35
Caxanga;2019;33;3728.46;3811.75;2540.99
Caxanga;2020;194;4584.96;4770.2;3242.23
Caxanga;2021;210;3942.96;3828.12;2972.18
Caxanga;2022;103;3720.96;3661.45;3080.17
Caxanga;2023;67;3511.29;3621.25;3052.74
Caxanga;2024;146;4672.72;4981.36;4294.6
Caxanga;2025;359;4527.89;4547.45;4288.41
Caxanga;2026;124;4132.91;4274.74;4098.77
Coelhos;2015;34;4872.21;5310.69;2767.39
Coelhos;2016;28;4516.02;4794.72;2781.86
Coelhos;2017;31;4196.0;4480.14;2656.61
Coelhos;2018;12;4317.12;4180.97;2855.58
Coelhos;2019;18;3999.35;3679.0;2725.51
Coelhos;2020;30;4462.55;3952.1;3130.74
Coelhos;2021;36;3751.27;3848.69;2858.86
Coelhos;2022;45;4300.24;4504.7;3590.94
Coelhos;2023;13;3674.78;3842.3;3195.56
Coelhos;2024;32;2972.77;2732.67;2700.43
Coelhos;2025;81;3250.35;3105.9;3108.76
Coelhos;2026;36;2411.76;2264.21;2386.61
Cohab;2015;16;3161.56;2537.3;1771.91
Cohab;2016;17;2634.27;2369.22;1609.88
Cohab;2017;30;3641.83;3241.3;2305.3
Cohab;2018;17;4216.75;3419.54;2764.18
Cohab;2019;11;4946.48;2798.39;3383.24
Cohab;2020;4;6270.83;6233.29;4394.29
Cohab;2021;11;4096.12;3215.97;3083.82
Cohab;2022;20;3460.88;3174.44;2882.88
Cohab;2023;16;3413.96;2660.29;2965.23
Cohab;2024;15;3017.15;2302.8;2734.32
Cohab   Ibura;2015;8;4002.11;3454.63;2264.48
Cohab   Ibura;2016;11;3356.01;2775.58;2047.59
Cohab   Ibura;2017;14;3387.58;3096.84;2157.83
Cohab   Ibura;2018;5;3268.34;3452.61;2145.4
Cohab   Ibura;2019;10;4610.48;3608.88;3140.27
Cohab   Ibura;2020;7;4815.25;4657.96;3376.78
Cohab   Ibura;2021;8;3255.79;2844.86;2480.3
Cohab   Ibura;2022;12;3626.05;2703.78;2995.37
Cohab   Ibura;2023;11;3701.85;2750.07;3215.81
Cohab   Ibura;2024;9;3468.43;3564.34;3172.46
Cohab   Ibura;2025;28;2777.6;2275.14;2648.29
Cohab   Ibura;2026;14;3146.56;2407.2;3120.47
Coqueiral;2015;1;5243.99;5243.99;3076.92
Coqueiral;2016;1;6472.78;6472.78;3846.15
Coqueiral;2017;1;4070.1;4070.1;2583.56
Coqueiral;2019;1;3794.6;3794.6;2583.56
Coqueiral;2022;1;2774.53;2774.53;2345.68
Coqueiral;2023;1;2159.37;2159.37;1850.69
Coqueiral;2024;2;2466.48;2466.48;2233.29
Coqueiral;2025;3;3316.14;2867.73;3085.72
Coqueiral;2026;1;3854.08;3854.08;3738.32
Cordeiro;2015;388;5447.08;5328.2;3075.47
Cordeiro;2016;216;4316.12;4124.91;2638.43
Cordeiro;2017;189;3806.54;3761.49;2410.78
Cordeiro;2018;174;3791.62;3696.65;2491.22
Cordeiro;2019;295;4336.92;4201.43;2960.02
Cordeiro;2020;237;4109.37;3996.21;2898.4
Cordeiro;2021;277;3538.37;3241.44;2686.11
Cordeiro;2022;453;3843.41;4038.51;3188.72
Cordeiro;2023;264;3379.79;3165.96;2935.94
Cordeiro;2024;272;3274.39;2987.08;2977.38
Cordeiro;2025;278;3281.0;3041.66;3128.74
Cordeiro;2026;186;3156.52;2826.09;3124.53
Corrego Do Jenipapo;2016;1;2231.8;2231.8;1380.5
Corrego Do Jenipapo;2017;1;5572.51;5572.51;3500.0
Corrego Do Jenipapo;2023;1;12662.52;12662.52;11200.0
Corrego Do Jenipapo;2024;1;5129.71;5129.71;4666.67
Corrego Do Jenipapo;2025;2;5503.16;5503.16;5291.66
Corrego Do Jenipapo;2026;1;4888.89;4888.89;4888.89
Curado;2015;14;4400.76;4389.03;2469.86
Curado;2016;17;3887.1;3824.69;2384.94
Curado;2017;17;4314.68;4041.69;2741.42
Curado;2018;14;4542.2;4169.5;2977.11
Curado;2019;17;3616.22;3463.0;2472.31
Curado;2020;27;3383.24;3273.46;2376.59
Curado;2021;24;3239.82;3112.82;2472.43
Curado;2022;22;3225.94;3059.48;2692.51
Curado;2023;30;3396.53;3113.88;2951.33
Curado;2024;31;3063.23;2927.97;2777.48
Curado;2025;23;3054.49;2912.83;2915.16
Curado;2026;11;3081.59;2681.54;3056.33
Derby;2015;24;6456.26;5666.79;3606.92
Derby;2016;21;4738.96;4353.85;2909.68
Derby;2017;37;4777.46;4358.99;3031.06
Derby;2018;38;5191.07;5172.07;3423.2
Derby;2019;63;4492.0;4561.65;3056.8
Derby;2020;17;3833.29;3981.07;2705.57
Derby;2021;43;4094.15;3895.53;3138.51
Derby;2022;36;3304.9;3402.1;2748.19
Derby;2023;26;3232.26;3179.54;2811.31
Derby;2024;28;3279.33;3205.44;2977.53
Derby;2025;36;2998.3;3094.32;2865.41
Derby;2026;18;3093.11;3118.79;3060.22
Dois Irmaos;2022;1;4749.97;4749.97;3977.23
Dois Irmaos;2023;1;6247.54;6247.54;5425.37
Dois Unidos;2015;1;1249.09;1249.09;707.45
Dois Unidos;2017;1;1477.19;1477.19;930.12
Dois Unidos;2022;2;3489.26;3489.26;2855.26
Dois Unidos;2023;1;1258.08;1258.08;1095.47
Dois Unidos;2024;309;3647.52;3656.11;3323.96
Dois Unidos;2025;488;3668.32;3748.72;3494.92
Dois Unidos;2026;543;5467.19;5601.92;5417.34
Encruzilhada;2015;468;6079.28;5914.46;3415.17
Encruzilhada;2016;341;5414.24;5552.38;3315.22
Encruzilhada;2017;458;5301.05;5483.26;3360.08
Encruzilhada;2018;335;4874.15;5056.06;3193.25
Encruzilhada;2019;355;4871.74;5099.67;3315.87
Encruzilhada;2020;287;4770.82;4919.48;3365.22
Encruzilhada;2021;518;4680.37;4730.9;3568.17
Encruzilhada;2022;355;4191.96;4239.74;3483.71
Encruzilhada;2023;365;4190.18;4151.51;3645.98
Encruzilhada;2024;445;4152.18;3979.62;3776.39
Encruzilhada;2025;374;4292.59;4270.03;4095.44
Encruzilhada;2026;247;4186.02;3935.49;4143.36
Engenho Do Meio;2015;40;5030.52;5233.7;2812.19
Engenho Do Meio;2016;71;4772.76;5320.29;2897.16
Engenho Do Meio;2017;15;3434.81;3875.05;2178.38
Engenho Do Meio;2018;15;3468.24;3410.06;2277.7
Engenho Do Meio;2019;45;3754.11;2869.93;2566.69
Engenho Do Meio;2020;41;3221.09;3441.67;2282.99
Engenho Do Meio;2021;56;3214.86;3308.52;2411.41
Engenho Do Meio;2022;38;3227.89;3181.28;2695.34
Engenho Do Meio;2023;42;3021.98;2975.67;2632.1
Engenho Do Meio;2024;37;2808.67;2592.56;2554.35
Engenho Do Meio;2025;35;2953.59;2727.73;2818.24
Engenho Do Meio;2026;16;2765.46;2705.76;2748.15
Espinheiro;2015;236;6846.88;7388.31;3836.88
Espinheiro;2016;267;5930.11;5839.72;3623.8
Espinheiro;2017;216;5497.23;5601.89;3480.64
Espinheiro;2018;216;5205.33;5406.59;3410.88
Espinheiro;2019;241;4652.62;4809.33;3165.85
Espinheiro;2020;207;4955.32;4882.78;3504.39
Espinheiro;2021;320;4550.57;4586.63;3434.34
Espinheiro;2022;286;4421.33;4126.69;3689.1
Espinheiro;2023;317;4467.29;4319.75;3887.43
Espinheiro;2024;281;3860.53;3554.38;3500.88
Espinheiro;2025;262;3824.94;3628.24;3645.86
Espinheiro;2026;244;4211.93;4155.94;4182.47
Estancia;2015;10;3423.77;3502.97;1891.21
Estancia;2016;8;4110.63;3404.6;2518.85
Estancia;2017;8;3177.29;2974.06;2002.34
Estancia;2018;8;2328.37;2137.38;1530.65
Estancia;2019;8;4608.9;2966.52;3129.07
Estancia;2020;5;2747.86;2722.18;1935.96
Estancia;2021;11;2818.27;3181.93;2140.41
Estancia;2022;13;3673.38;2682.83;3020.5
Estancia;2023;13;2524.74;2402.4;2198.66
Estancia;2024;11;2743.71;2532.58;2480.72
Estancia;2025;10;3273.36;2678.8;3132.18
Estancia;2026;11;2544.66;2483.7;2522.34
Fundao;2015;18;5184.72;5123.14;2905.31
Fundao;2016;9;5452.55;4684.05;3352.3
Fundao;2017;11;4562.49;4470.33;2885.01
Fundao;2018;19;3480.42;3535.61;2289.91
Fundao;2019;8;3524.7;3332.04;2398.3
Fundao;2020;5;3168.6;3376.15;2228.77
Fundao;2021;14;3661.33;3418.13;2809.65
Fundao;2022;16;3640.04;3238.84;3042.58
Fundao;2023;16;4479.92;3991.82;3900.07
Fundao;2024;24;3133.66;2976.44;2843.29
Fundao;2025;22;3170.39;2971.39;3019.8
Fundao;2026;6;2950.34;3180.34;2912.92
Gracas;2015;314;5763.04;6308.17;3237.02
Gracas;2016;333;5678.01;5986.74;3457.46
Gracas;2017;330;5595.15;5685.95;3542.52
Gracas;2018;334;5530.42;5460.04;3629.36
Gracas;2019;327;5226.36;5211.05;3556.68
Gracas;2020;298;4582.98;4694.04;3236.09
Gracas;2021;431;4715.22;4550.78;3598.55
Gracas;2022;547;4454.7;4323.95;3711.76
Gracas;2023;493;4362.17;4168.76;3803.43
Gracas;2024;593;4182.45;4014.25;3791.7
Gracas;2025;551;4035.12;3918.88;3849.51
Gracas;2026;345;4275.79;4127.36;4224.25
Guabiraba;2015;3;3002.55;2469.81;1643.75
Guabiraba;2016;1;10518.27;10518.27;6250.0
Guabiraba;2017;2;7183.41;7183.41;4591.54
Guabiraba;2018;179;3296.2;3201.69;2180.03
Guabiraba;2019;90;3221.63;3153.2;2169.74
Guabiraba;2020;21;5742.22;4995.37;4063.37
Guabiraba;2021;12;5579.05;5514.72;4245.14
Guabiraba;2022;29;3923.14;2775.03;3265.38
Guabiraba;2023;74;4176.27;4337.84;3636.04
Guabiraba;2024;447;4326.12;4395.05;3925.79
Guabiraba;2025;245;4083.46;3847.9;3894.92
Guabiraba;2026;92;3899.44;4117.09;3871.11
Hipodromo;2015;16;4630.21;4740.64;2580.9
Hipodromo;2016;10;4212.11;4319.74;2563.6
Hipodromo;2017;6;4470.5;4032.42;2822.46
Hipodromo;2018;21;4382.21;3987.13;2890.67
Hipodromo;2019;14;3894.56;4120.34;2664.8
Hipodromo;2020;14;3744.1;3348.98;2652.83
Hipodromo;2021;15;3136.47;2990.01;2374.36
Hipodromo;2022;75;4179.61;4406.11;3501.74
Hipodromo;2023;36;4265.0;4561.38;3698.75
Hipodromo;2024;25;3675.49;3942.57;3337.27
Hipodromo;2025;27;3346.33;3298.08;3187.61
Hipodromo;2026;9;2772.73;2524.86;2741.12
Ibura;2015;31;3830.74;3819.71;2153.81
Ibura;2016;34;3273.98;3395.0;2004.85
Ibura;2017;30;3204.35;2729.44;2025.92
Ibura;2018;127;2686.88;2446.51;1756.98
Ibura;2019;37;2571.74;2341.59;1749.61
Ibura;2020;39;2660.8;2439.92;1869.03
Ibura;2021;64;2656.58;2392.21;2028.95
Ibura;2022;35;2687.61;2108.64;2236.25
Ibura;2023;60;2974.41;2454.24;2584.58
Ibura;2024;75;2746.19;2324.19;2493.46
Ibura;2025;48;3266.94;2329.78;3107.36
Ibura;2026;31;2366.5;1922.73;2338.86
Ilha Do Leite;2015;44;5958.31;5931.47;3342.85
Ilha Do Leite;2016;90;7340.47;6917.72;4459.88
Ilha Do Leite;2017;48;5058.7;5757.93;3206.56
Ilha Do Leite;2018;263;5548.85;5756.33;3634.73
Ilha Do Leite;2019;193;4759.98;5162.24;3229.62
Ilha Do Leite;2020;96;5188.36;5742.25;3677.4
Ilha Do Leite;2021;106;4897.66;5066.46;3701.47
Ilha Do Leite;2022;110;4608.6;4597.29;3829.7
Ilha Do Leite;2023;172;4315.09;4044.86;3739.38
Ilha Do Leite;2024;122;4155.55;4041.74;3775.54
Ilha Do Leite;2025;85;3844.9;3678.65;3670.93
Ilha Do Leite;2026;54;4443.79;4642.37;4388.92
Ilha Do Retiro;2015;10;4555.29;4901.84;2534.76
Ilha Do Retiro;2016;88;4012.93;4811.79;2462.42
Ilha Do Retiro;2017;51;5269.08;5719.59;3354.78
Ilha Do Retiro;2018;84;4474.32;5037.4;2950.42
Ilha Do Retiro;2019;106;4296.73;4724.02;2923.17
Ilha Do Retiro;2020;64;4571.32;4868.08;3217.95
Ilha Do Retiro;2021;70;4535.93;4728.05;3437.54
Ilha Do Retiro;2022;57;4030.0;3898.03;3361.18
Ilha Do Retiro;2023;199;4759.51;4181.16;4148.06
Ilha Do Retiro;2024;108;5144.76;4963.64;4667.84
Ilha Do Retiro;2025;97;5049.2;4744.25;4817.11
Ilha Do Retiro;2026;47;5286.58;5288.29;5231.68
Imbiribeira;2015;647;6535.65;7060.07;3681.69
Imbiribeira;2016;517;5787.09;6258.98;3531.55
Imbiribeira;2017;430;5137.63;5002.14;3252.22
Imbiribeira;2018;574;4528.17;4521.56;2979.5
Imbiribeira;2019;479;4703.88;4577.03;3201.79
Imbiribeira;2020;359;4570.14;4469.35;3223.16
Imbiribeira;2021;587;4161.91;4083.88;3167.99
Imbiribeira;2022;644;3913.71;4062.05;3260.69
Imbiribeira;2023;664;4036.84;3716.16;3508.23
Imbiribeira;2024;674;4124.94;4066.41;3743.96
Imbiribeira;2025;880;4355.55;4399.85;4162.39
Imbiribeira;2026;864;4664.28;4770.35;4617.49
Indefinido;2026;1;3108.43;3108.43;3015.06
Ipsep;2015;67;3619.04;3668.73;2043.1
Ipsep;2016;67;3403.34;3509.94;2087.58
Ipsep;2017;62;3424.47;3288.7;2167.13
Ipsep;2018;80;3396.34;3300.06;2228.86
Ipsep;2019;86;3223.16;2825.74;2193.35
Ipsep;2020;55;3362.81;3129.23;2380.86
Ipsep;2021;80;3393.6;2977.7;2584.65
Ipsep;2022;95;3496.01;2781.95;2916.14
Ipsep;2023;81;2938.21;2735.19;2555.14
Ipsep;2024;119;3040.92;2714.13;2762.44
Ipsep;2025;94;2861.1;2715.92;2723.7
Ipsep;2026;51;2452.5;2368.86;2432.89
Iputinga;2015;162;4626.59;4704.28;2597.8
Iputinga;2016;151;4377.5;4509.8;2682.72
Iputinga;2017;160;3866.09;3801.86;2447.29
Iputinga;2018;173;3944.97;3965.81;2581.51
Iputinga;2019;518;4103.82;4181.08;2803.71
Iputinga;2020;268;4035.94;4107.18;2837.44
Iputinga;2021;314;3646.86;3649.8;2802.42
Iputinga;2022;245;3582.91;3368.21;2984.36
Iputinga;2023;306;3712.78;3600.86;3238.11
Iputinga;2024;295;3375.64;3149.18;3064.21
Iputinga;2025;234;3164.89;3040.82;3015.49
Iputinga;2026;360;4181.67;4341.0;4148.8
Jaqueira;2015;17;7785.27;8185.64;4314.58
Jaqueira;2016;10;6041.34;6479.45;3726.38
Jaqueira;2017;14;6461.66;6431.02;4078.76
Jaqueira;2018;21;6145.27;6032.33;4030.15
Jaqueira;2019;43;7335.73;6616.16;4997.75
Jaqueira;2020;25;6700.08;6019.43;4744.32
Jaqueira;2021;27;5331.24;5126.48;4078.65
Jaqueira;2022;32;5789.55;5440.83;4811.9
Jaqueira;2023;30;6118.72;5346.47;5328.95
Jaqueira;2024;36;5136.02;4987.26;4670.57
Jaqueira;2025;36;5197.99;4804.77;4959.21
Jaqueira;2026;17;6125.82;5380.83;6046.29
Jardim Sao Paulo;2015;98;5043.73;4923.27;2840.23
Jardim Sao Paulo;2016;132;4653.56;5102.65;2841.47
Jardim Sao Paulo;2017;88;4658.59;4516.42;2945.87
Jardim Sao Paulo;2018;93;4340.91;4402.78;2850.5
Jardim Sao Paulo;2019;94;3587.2;3239.43;2443.7
Jardim Sao Paulo;2020;74;3473.78;3272.75;2449.49
Jardim Sao Paulo;2021;119;3589.17;3641.59;2731.74
Jardim Sao Paulo;2022;145;3437.01;3587.93;2869.31
Jardim Sao Paulo;2023;188;3803.57;3886.66;3306.05
Jardim Sao Paulo;2024;160;3627.58;3743.14;3293.49
Jardim Sao Paulo;2025;202;3616.14;3700.81;3444.18
Jardim Sao Paulo;2026;92;3350.5;3439.12;3311.44
Jiquia;2015;7;3417.67;2505.05;1877.93
Jiquia;2016;4;3330.96;3079.03;2055.49
Jiquia;2017;5;3397.12;2878.16;2163.73
Jiquia;2018;7;2651.69;2583.52;1741.45
Jiquia;2019;7;3112.6;3837.52;2127.14
Jiquia;2020;2;2260.34;2260.34;1609.46
Jiquia;2021;9;2439.7;2520.81;1868.15
Jiquia;2022;6;2556.31;2465.93;2144.49
Jiquia;2023;6;3299.53;3487.73;2876.11
Jiquia;2024;2;3297.27;3297.27;2994.14
Jiquia;2025;2;1957.02;1957.02;1858.04
Jiquia;2026;3;2388.72;2251.21;2377.73
Jordao;2015;16;5676.12;5099.5;3197.06
Jordao;2016;7;2755.75;2596.17;1686.3
Jordao;2017;7;4837.39;5080.01;3070.16
Jordao;2018;5;3341.64;3013.28;2217.15
Jordao;2019;10;5183.48;4790.15;3530.08
Jordao;2020;6;4656.7;4695.45;3241.82
Jordao;2021;15;4896.8;4163.78;3705.81
Jordao;2022;10;2853.62;2650.66;2366.2
Jordao;2023;9;4893.95;3681.47;4285.45
Jordao;2024;7;4725.78;4472.35;4302.6
Jordao;2025;9;5617.25;4972.24;5375.69
Jordao;2026;9;3720.11;3260.87;3657.77
Linha Do Tiro;2015;2;3053.93;3053.93;1715.65
Linha Do Tiro;2016;3;3523.89;3507.42;2160.05
Linha Do Tiro;2017;2;3350.78;3350.78;2119.73
Linha Do Tiro;2018;2;3206.38;3206.38;2091.96
Linha Do Tiro;2019;5;3471.98;3893.59;2383.34
Linha Do Tiro;2020;2;6701.14;6701.14;4712.95
Linha Do Tiro;2021;6;3050.64;3304.38;2325.63
Linha Do Tiro;2022;7;3204.05;2702.18;2672.4
Linha Do Tiro;2023;7;2580.88;2369.8;2260.39
Linha Do Tiro;2024;3;2971.44;2926.83;2714.09
Linha Do Tiro;2025;8;2225.73;2285.9;2120.34
Linha Do Tiro;2026;4;2372.48;2466.04;2346.76
Macaxeira;2015;39;4634.59;5034.55;2605.29
Macaxeira;2016;43;4178.28;4255.38;2552.51
Macaxeira;2017;22;4145.44;4089.1;2618.29
Macaxeira;2018;41;3652.75;3569.42;2394.1
Macaxeira;2019;46;3955.78;4161.9;2694.52
Macaxeira;2020;57;4173.83;4212.41;2939.21
Macaxeira;2021;52;4059.36;4105.07;3099.6
Macaxeira;2022;38;3943.09;3820.6;3285.83
Macaxeira;2023;17;3412.25;3764.44;2966.03
Macaxeira;2024;29;3767.31;3839.25;3441.37
Macaxeira;2025;31;3730.41;3864.57;3556.6
Macaxeira;2026;20;3750.36;3618.0;3701.8
Madalena;2015;861;6336.44;6572.34;3540.47
Madalena;2016;600;5618.36;5858.38;3430.36
Madalena;2017;386;5231.11;5274.79;3309.98
Madalena;2018;411;5109.83;5187.73;3347.41
Madalena;2019;417;4753.47;4879.77;3233.3
Madalena;2020;341;4871.53;4808.01;3432.35
Madalena;2021;583;4527.92;4551.65;3470.09
Madalena;2022;569;4433.66;4438.42;3691.31
Madalena;2023;525;4291.33;4208.61;3736.37
Madalena;2024;554;4519.89;4456.76;4106.58
Madalena;2025;579;4961.98;4692.73;4736.52
Madalena;2026;345;4703.64;4502.76;4655.15
Mangabeira;2015;3;4367.58;4455.21;2436.57
Mangabeira;2016;7;3671.23;4128.45;2244.65
Mangabeira;2017;3;3628.89;3589.81;2299.79
Mangabeira;2018;24;3687.9;3419.73;2417.9
Mangabeira;2019;7;3847.94;3196.7;2616.19
Mangabeira;2020;3;2883.69;2927.13;2066.47
Mangabeira;2021;5;2949.4;2813.59;2272.36
Mangabeira;2022;10;2561.73;2828.13;2146.51
Mangabeira;2023;9;2580.62;2761.56;2249.2
Mangabeira;2024;15;3007.01;2810.73;2731.93
Mangabeira;2025;16;2731.64;2697.74;2595.64
Mangabeira;2026;5;2792.43;2542.51;2772.38
Mangueira;2015;1;4095.26;4095.26;2224.9
Mangueira;2016;1;2856.49;2856.49;1776.11
Mangueira;2018;1;2208.23;2208.23;1436.56
Mangueira;2019;4;5621.06;4950.8;3848.36
Mangueira;2021;1;3110.65;3110.65;2366.33
Mangueira;2022;2;6371.48;6371.48;5327.99
Mangueira;2023;1;2036.99;2036.99;1777.78
Mangueira;2024;5;2255.91;2604.8;2063.57
Mangueira;2025;4;2415.85;2621.32;2301.68
Monteiro;2015;69;6076.39;6494.7;3428.34
Monteiro;2016;73;4073.28;3667.15;2492.99
Monteiro;2017;71;4401.07;4870.78;2781.73
Monteiro;2018;51;5174.11;5283.99;3394.88
Monteiro;2019;82;4730.97;4657.6;3228.47
Monteiro;2020;150;3981.42;4455.56;2797.5
Monteiro;2021;154;5008.62;5121.08;3814.16
Monteiro;2022;86;4341.75;4706.12;3618.7
Monteiro;2023;134;4876.03;4957.87;4249.55
Monteiro;2024;81;4902.04;5039.09;4443.41
Monteiro;2025;75;5140.86;5306.82;4903.51
Monteiro;2026;96;5128.14;5538.15;5061.47
Morro Da Conceicao;2015;3;3414.1;2114.1;1908.7
Morro Da Conceicao;2016;3;2979.65;2047.41;1804.26
Morro Da Conceicao;2017;5;4537.9;3162.11;2873.83
Morro Da Conceicao;2018;2;1576.42;1576.42;1035.23
Morro Da Conceicao;2019;4;2955.06;2604.28;2036.35
Morro Da Conceicao;2020;3;5451.97;4034.68;3804.9
Morro Da Conceicao;2021;3;4703.94;4116.15;3601.45
Morro Da Conceicao;2022;1;3363.6;3363.6;2702.7
Morro Da Conceicao;2023;3;3193.1;3236.51;2780.38
Morro Da Conceicao;2024;2;2690.11;2690.11;2437.93
Morro Da Conceicao;2025;3;3552.79;3485.27;3411.63
Morro Da Conceicao;2026;2;3489.22;3489.22;3423.42
Mustardinha;2015;2;1482.16;1482.16;828.84
Mustardinha;2016;2;2725.66;2725.66;1678.6
Mustardinha;2017;1;1706.34;1706.34;1071.72
Mustardinha;2018;1;2043.77;2043.77;1324.27
Mustardinha;2019;7;2845.32;2418.03;1941.03
Mustardinha;2022;4;1976.42;1859.09;1623.96
Mustardinha;2023;4;3749.4;3909.76;3258.68
Mustardinha;2024;4;1694.92;1805.86;1553.8
Mustardinha;2025;1;2854.47;2854.47;2759.62
Mustardinha;2026;2;1327.66;1327.66;1320.28
Nova Descoberta;2015;7;1966.16;1704.3;1118.18
Nova Descoberta;2016;3;1325.54;1405.79;811.39
Nova Descoberta;2017;3;2783.9;1415.75;1764.6
Nova Descoberta;2018;8;4028.08;3797.42;2646.12
Nova Descoberta;2019;2;2795.35;2795.35;1908.0
Nova Descoberta;2020;1;1929.41;1929.41;1343.28
Nova Descoberta;2021;4;2260.82;2222.84;1700.94
Nova Descoberta;2022;6;4671.96;3133.3;3932.98
Nova Descoberta;2023;6;2920.5;2800.24;2542.11
Nova Descoberta;2024;7;2431.79;2344.56;2196.24
Nova Descoberta;2025;6;3631.36;2367.32;3467.12
Nova Descoberta;2026;2;3652.6;3652.6;3580.49
Paissandu;2015;18;6032.56;5843.61;3372.21
Paissandu;2016;118;6198.86;6308.2;3758.49
Paissandu;2017;35;5678.16;5886.65;3600.56
Paissandu;2018;99;5547.05;5735.75;3662.57
Paissandu;2019;90;4382.98;5294.08;2982.78
Paissandu;2020;34;4465.34;5062.96;3145.81
Paissandu;2021;58;4339.55;4932.99;3315.22
Paissandu;2022;62;4153.4;4594.22;3452.9
Paissandu;2023;95;3785.16;3832.73;3275.48
Paissandu;2024;57;3584.2;3724.48;3256.89
Paissandu;2025;73;3566.18;3448.95;3413.26
Paissandu;2026;68;3750.23;3419.93;3678.86
Parnamirim;2015;87;6924.27;7259.24;3915.93
Parnamirim;2016;84;6258.37;6201.32;3820.87
Parnamirim;2017;78;5779.94;5083.04;3652.47
Parnamirim;2018;81;5875.19;5369.95;3848.63
Parnamirim;2019;109;5234.33;5451.98;3576.41
Parnamirim;2020;172;4624.22;4599.0;3256.35
Parnamirim;2021;164;5103.62;5014.15;3875.83
Parnamirim;2022;175;5516.54;5511.72;4598.35
Parnamirim;2023;194;5173.83;5126.56;4505.54
Parnamirim;2024;235;5659.6;5193.18;5155.77
Parnamirim;2025;219;5361.42;5029.15;5106.58
Parnamirim;2026;116;4959.04;4800.61;4896.59
Passarinho;2017;1;1263.67;1263.67;795.67
Passarinho;2019;1;2073.53;2073.53;1411.76
Passarinho;2021;1;3450.72;3450.72;2557.14
Passarinho;2024;447;3076.0;3075.86;2799.02
Passarinho;2025;226;3104.7;3107.87;2936.68
Passarinho;2026;39;3215.8;3184.17;3186.38
Pina;2015;698;6752.44;6400.86;3828.63
Pina;2016;646;6439.58;6116.23;3922.66
Pina;2017;389;6237.93;5960.68;3951.16
Pina;2018;412;6160.35;5909.09;4037.01
Pina;2019;364;5827.48;5483.74;3970.32
Pina;2020;286;6308.12;6090.22;4452.53
Pina;2021;464;6327.13;6200.19;4812.45
Pina;2022;1164;5798.89;6121.45;4847.47
Pina;2023;590;5757.17;5788.85;5004.23
Pina;2024;718;4859.9;4814.96;4409.69
Pina;2025;431;5625.47;5575.67;5362.21
Pina;2026;349;7018.1;6182.38;6931.09
Poco;2015;98;6294.85;6690.98;3556.46
Poco;2016;180;3986.86;3372.96;2441.6
Poco;2017;107;5962.89;6235.22;3776.09
Poco;2018;76;5558.91;5718.94;3648.47
Poco;2019;63;5798.18;5642.85;3948.41
Poco;2020;58;5664.38;5562.18;3989.29
Poco;2021;112;5718.39;5695.29;4356.29
Poco;2022;71;5289.03;5243.14;4428.59
Poco;2023;81;5363.51;5618.81;4663.32
Poco;2024;87;4923.72;4813.39;4459.99
Poco;2025;136;5567.55;5781.1;5301.82
Poco;2026;65;5668.68;5411.04;5598.09
Ponto De Parada;2015;6;5662.48;5649.66;3181.47
Ponto De Parada;2016;33;5289.41;5508.48;3264.74
Ponto De Parada;2017;21;4528.73;4621.76;2860.33
Ponto De Parada;2018;31;4480.71;4654.22;2934.73
Ponto De Parada;2019;54;3243.4;3751.76;2207.25
Ponto De Parada;2020;26;3942.98;4530.4;2785.78
Ponto De Parada;2021;23;3674.46;3844.12;2792.01
Ponto De Parada;2022;22;3903.48;3867.69;3245.02
Ponto De Parada;2023;18;3601.62;3729.83;3137.59
Ponto De Parada;2024;10;4054.24;3972.23;3696.08
Ponto De Parada;2025;13;3227.69;2881.54;3080.6
Ponto De Parada;2026;7;3628.62;3535.65;3579.98
Porto Da Madeira;2015;14;4051.65;4201.54;2290.45
Porto Da Madeira;2016;7;3749.68;3768.61;2292.03
Porto Da Madeira;2017;14;3660.47;3475.38;2305.36
Porto Da Madeira;2018;22;3180.27;3033.09;2091.68
Porto Da Madeira;2019;19;3326.58;3180.18;2265.8
Porto Da Madeira;2020;13;3012.17;2910.75;2124.58
Porto Da Madeira;2021;18;2925.55;2961.36;2196.98
Porto Da Madeira;2022;16;3489.68;3341.86;2901.94
Porto Da Madeira;2023;15;2662.51;2462.11;2314.11
Porto Da Madeira;2024;24;2828.13;2656.02;2563.24
Porto Da Madeira;2025;29;3271.1;2544.05;3119.8
Porto Da Madeira;2026;14;2531.25;2571.04;2503.16
Prado;2015;76;4847.03;4786.57;2726.43
Prado;2016;57;4913.07;4820.22;3014.23
Prado;2017;87;4770.89;4952.59;3022.92
Prado;2018;61;4285.74;4379.86;2813.56
Prado;2019;54;4263.37;4261.32;2906.29
Prado;2020;75;4341.73;4291.57;3064.68
Prado;2021;139;4212.26;4361.86;3197.61
Prado;2022;61;3424.21;3188.89;2842.29
Prado;2023;55;3465.82;3258.75;3010.99
Prado;2024;70;3263.27;3186.66;2961.52
Prado;2025;75;3103.44;3129.46;2958.08
Prado;2026;42;3344.05;3453.32;3321.15
Recife;2015;7;3820.76;4234.98;2155.3
Recife;2016;7;3728.84;3868.09;2281.57
Recife;2017;9;3436.77;3973.3;2175.7
Recife;2018;20;4446.73;4582.82;2917.13
Recife;2019;15;3937.85;3907.28;2687.4
Recife;2020;7;6138.35;2551.05;4321.13
Recife;2021;27;4707.48;3207.22;3572.49
Recife;2022;11;4270.18;3236.45;3574.18
Recife;2023;18;4519.73;4178.42;3950.53
Recife;2024;11;4181.74;3305.87;3824.11
Recife;2025;212;2699.71;2653.0;2598.52
Recife;2026;99;7216.69;7843.97;7198.55
Rosarinho;2015;342;6841.14;7109.53;3859.16
Rosarinho;2016;265;6438.17;6605.48;3914.43
Rosarinho;2017;204;5198.57;5834.26;3290.51
Rosarinho;2018;160;5580.05;5620.9;3660.76
Rosarinho;2019;145;5632.44;5586.77;3839.64
Rosarinho;2020;149;5256.47;5261.12;3709.76
Rosarinho;2021;272;5006.01;4885.76;3846.99
Rosarinho;2022;264;4609.13;4524.16;3838.37
Rosarinho;2023;159;4811.36;4703.87;4185.7
Rosarinho;2024;191;4928.93;4842.87;4471.01
Rosarinho;2025;160;4808.21;4810.88;4574.66
Rosarinho;2026;108;4874.93;4772.76;4819.11
San Martin;2015;54;5151.16;5294.11;2880.67
San Martin;2016;52;4703.9;4642.39;2880.66
San Martin;2017;44;4087.78;4512.97;2591.94
San Martin;2018;45;4213.98;4132.77;2775.39
San Martin;2019;50;3872.55;4347.96;2641.11
San Martin;2020;38;4177.83;4067.88;2943.57
San Martin;2021;80;3914.76;3991.04;2974.27
San Martin;2022;57;3574.81;3428.44;2980.52
San Martin;2023;73;3541.49;3775.7;3085.64
San Martin;2024;81;3920.17;3968.16;3558.54
San Martin;2025;70;3421.42;3279.06;3266.0
San Martin;2026;235;5198.02;5421.06;5192.29
Sancho;2015;1;6032.07;6032.07;3237.65
Sancho;2016;6;3065.38;2475.94;1861.89
Sancho;2017;5;4254.25;4492.86;2682.41
Sancho;2018;7;3301.79;3324.96;2160.14
Sancho;2019;4;2940.22;2910.55;2003.71
Sancho;2020;10;4174.28;3662.98;2947.88
Sancho;2021;8;3638.98;3704.62;2785.93
Sancho;2022;18;2351.27;2216.07;1979.26
Sancho;2023;10;2553.27;2204.39;2189.91
Sancho;2024;6;4500.59;3889.85;4091.86
Sancho;2025;5;3080.46;2894.3;2939.34
Sancho;2026;7;3056.53;3161.38;3018.49
Santana;2015;30;6206.43;6302.76;3495.42
Santana;2016;92;3277.65;1914.74;2011.52
Santana;2017;33;4658.39;4996.93;2948.89
Santana;2018;32;5877.68;5321.48;3864.75
Santana;2019;53;5388.9;5360.57;3670.6
Santana;2020;25;4901.43;4642.89;3464.84
Santana;2021;80;3654.12;3763.38;2800.19
Santana;2022;48;4587.8;4454.07;3820.85
Santana;2023;76;7093.38;5753.43;6171.78
Santana;2024;53;5104.18;4648.68;4629.91
Santana;2025;35;4555.95;4203.19;4357.51
Santana;2026;21;4458.01;4056.18;4393.7
Santo Amaro;2015;116;4322.5;4201.78;2415.6
Santo Amaro;2016;151;4077.37;3818.46;2490.17
Santo Amaro;2017;149;3858.56;3456.67;2444.86
Santo Amaro;2018;694;7559.02;8581.35;5005.36
Santo Amaro;2019;1159;7168.71;6993.73;4888.05
Santo Amaro;2020;643;5238.1;5448.74;3686.61
Santo Amaro;2021;394;5032.19;5526.18;3785.2
Santo Amaro;2022;242;4220.37;4327.13;3524.66
Santo Amaro;2023;172;4067.85;4089.14;3542.17
Santo Amaro;2024;211;3980.63;3960.72;3616.17
Santo Amaro;2025;294;4473.86;4873.15;4270.28
Santo Amaro;2026;117;3833.75;3491.31;3788.85
Santo Antonio;2015;61;3716.79;2502.25;2083.75
Santo Antonio;2016;61;3121.72;2248.91;1918.49
Santo Antonio;2017;70;4018.88;2764.73;2546.8
Santo Antonio;2018;52;3926.28;3251.03;2575.3
Santo Antonio;2019;79;3258.45;2910.64;2226.67
Santo Antonio;2020;49;2940.16;2514.8;2062.53
Santo Antonio;2021;117;2187.67;2252.25;1705.72
Santo Antonio;2022;55;2453.21;2193.79;2029.74
Santo Antonio;2023;84;2432.21;1851.12;2118.07
Santo Antonio;2024;50;2787.4;2232.85;2540.18
Santo Antonio;2025;53;1805.49;1646.15;1722.24
Santo Antonio;2026;35;3297.8;1929.25;3264.47
Sao Jose;2015;27;5426.08;3787.24;3073.21
Sao Jose;2016;87;5736.38;5300.51;3514.04
Sao Jose;2017;23;4377.62;3478.56;2768.68
Sao Jose;2018;47;5972.38;6157.59;3933.79
Sao Jose;2019;46;5276.87;4758.23;3603.33
Sao Jose;2020;20;6013.09;6999.72;4220.38
Sao Jose;2021;52;5465.03;6661.17;4188.52
Sao Jose;2022;54;4556.2;4314.17;3805.8
Sao Jose;2023;44;4613.27;4383.52;4011.24
Sao Jose;2024;333;6952.26;6950.19;6333.77
Sao Jose;2025;126;6345.09;7800.89;6056.41
Sao Jose;2026;65;6507.35;7542.57;6441.6
Sitio Dos Pintos;2017;3;2382.68;2226.24;1512.11
Sitio Dos Pintos;2018;1;4206.41;4206.41;2790.92
Sitio Dos Pintos;2019;4;3563.69;3490.1;2427.84
Sitio Dos Pintos;2020;2;2818.06;2818.06;1979.04
Sitio Dos Pintos;2021;6;3302.24;3673.18;2529.3
Sitio Dos Pintos;2022;2;4248.88;4248.88;3538.54
Sitio Dos Pintos;2024;3;5123.72;4666.09;4687.47
Sitio Dos Pintos;2025;3;5176.55;5160.49;4896.64
Sitio Dos Pintos;2026;3;4502.97;5276.41;4420.99
Soledade;2015;28;5816.54;6239.17;3277.14
Soledade;2016;27;5630.12;5986.77;3430.1
Soledade;2017;26;4239.42;4510.46;2688.54
Soledade;2018;26;3854.98;3920.5;2524.87
Soledade;2019;24;3786.62;3693.12;2578.16
Soledade;2020;80;4798.55;4301.16;3370.07
Soledade;2021;134;5099.59;5506.62;3825.76
Soledade;2022;110;4219.07;4071.11;3508.64
Soledade;2023;64;4131.4;3940.84;3591.23
Soledade;2024;84;3905.38;3605.28;3544.62
Soledade;2025;82;4191.07;3863.52;4004.3
Soledade;2026;47;3832.51;3349.97;3797.97
Tamarineira;2015;234;6070.2;6093.22;3425.66
Tamarineira;2016;201;5480.97;5577.91;3345.18
Tamarineira;2017;192;4218.27;4325.82;2673.01
Tamarineira;2018;250;6038.57;6155.1;3964.95
Tamarineira;2019;226;5111.61;5026.98;3481.89
Tamarineira;2020;218;5136.7;4869.15;3619.17
Tamarineira;2021;236;4426.39;4295.35;3362.43
Tamarineira;2022;242;4353.33;3994.16;3627.18
Tamarineira;2023;250;4308.44;4017.62;3758.17
Tamarineira;2024;297;4520.97;4516.15;4101.45
Tamarineira;2025;265;4490.51;4492.21;4291.38
Tamarineira;2026;173;4256.76;4057.04;4214.11
Tejipio;2015;17;4504.09;4742.6;2491.9
Tejipio;2016;139;4638.45;4819.17;2872.97
Tejipio;2017;132;4322.6;4358.86;2730.27
Tejipio;2018;85;3850.24;3980.96;2526.73
Tejipio;2019;244;3034.43;2996.29;2069.56
Tejipio;2020;64;3189.57;3081.74;2239.44
Tejipio;2021;36;3474.5;3193.56;2639.66
Tejipio;2022;37;3007.7;2916.54;2511.07
Tejipio;2023;64;3116.78;3018.39;2715.62
Tejipio;2024;85;2850.44;2628.88;2587.76
Tejipio;2025;89;2895.19;2896.19;2765.56
Tejipio;2026;49;2658.94;2793.55;2625.98
Torre;2015;392;6510.01;6523.9;3656.0
Torre;2016;438;5789.32;5899.56;3537.66
Torre;2017;231;5438.83;5387.23;3442.33
Torre;2018;273;5077.67;5026.94;3339.4
Torre;2019;360;4972.39;5021.52;3391.15
Torre;2020;338;5031.78;5091.76;3544.33
Torre;2021;435;4091.26;4491.71;3108.95
Torre;2022;477;4352.73;4297.55;3620.94
Torre;2023;394;4560.77;4315.87;3969.11
Torre;2024;367;4343.21;4165.55;3949.45
Torre;2025;386;4384.16;4495.46;4177.44
Torre;2026;386;4948.46;5061.55;4878.52
Torreao;2015;13;3831.42;3907.96;2171.4
Torreao;2016;41;5919.88;6652.11;3666.83
Torreao;2017;50;6266.45;6768.94;3955.96
Torreao;2018;79;5226.53;5863.27;3447.3
Torreao;2019;67;5217.92;5391.19;3558.64
Torreao;2020;51;4993.58;5377.94;3525.88
Torreao;2021;39;4448.04;4962.71;3415.53
Torreao;2022;38;3804.41;3711.9;3158.79
Torreao;2023;72;4854.15;5087.03;4244.05
Torreao;2024;55;4421.42;5152.14;4004.55
Torreao;2025;74;3700.49;3748.8;3514.72
Torreao;2026;18;3437.73;3449.68;3401.37
Torroes;2015;11;3725.3;3762.7;2104.8
Torroes;2016;10;3024.69;3001.15;1857.09
Torroes;2017;7;3994.3;3709.21;2532.56
Torroes;2018;6;3194.68;3315.9;2087.81
Torroes;2019;6;3368.25;3452.31;2301.29
Torroes;2020;9;3431.68;3179.73;2428.19
Torroes;2021;8;4327.84;2761.28;3236.71
Torroes;2022;11;4225.11;3507.69;3522.09
Torroes;2023;17;3298.3;2873.84;2865.64
Torroes;2024;14;3634.9;2695.62;3305.9
Torroes;2025;14;2713.11;2629.6;2581.69
Torroes;2026;7;2323.23;2272.6;2311.85
Toto;2020;1;3374.32;3374.32;2375.84
Toto;2021;1;4587.47;4587.47;3410.06
Toto;2025;2;4018.44;4018.44;3776.99
Varzea;2015;429;4759.88;4706.39;2666.05
Varzea;2016;222;4151.62;4031.92;2539.92
Varzea;2017;307;4271.1;4208.65;2697.56
Varzea;2018;322;4051.24;3952.82;2658.82
Varzea;2019;259;3726.69;3727.69;2535.33
Varzea;2020;336;3468.47;3486.29;2442.34
Varzea;2021;626;3904.73;4060.9;2995.63
Varzea;2022;697;3342.52;2918.74;2786.5
Varzea;2023;551;3382.88;2938.18;2940.86
Varzea;2024;766;3926.64;3865.62;3562.72
Varzea;2025;1096;3973.12;3537.22;3780.17
Varzea;2026;867;3775.83;3299.76;3743.62
Vasco Da Gama;2015;14;4525.07;4223.44;2558.5
Vasco Da Gama;2016;20;3763.49;3639.02;2308.96
Vasco Da Gama;2017;30;4355.6;3451.78;2766.46
Vasco Da Gama;2018;19;3619.47;3385.69;2365.81
Vasco Da Gama;2019;12;3285.74;3751.76;2233.16
Vasco Da Gama;2020;12;3691.24;3814.38;2598.34
Vasco Da Gama;2021;60;2820.1;2755.47;2195.51
Vasco Da Gama;2022;277;2664.31;2635.32;2193.01
Vasco Da Gama;2023;17;3219.88;2456.4;2800.88
Vasco Da Gama;2024;27;3399.83;2963.45;3093.8
Vasco Da Gama;2025;278;4323.39;4373.15;4144.85
Vasco Da Gama;2026;105;4505.37;4790.51;4443.48
Zumbi;2015;7;3653.94;3977.2;2038.47
Zumbi;2016;6;3471.45;3402.76;2119.47
Zumbi;2017;8;3177.78;3205.66;2012.2
Zumbi;2018;7;3115.08;2775.58;2038.26
Zumbi;2019;9;2976.6;3042.9;2033.51
Zumbi;2020;9;2832.19;2775.86;2002.74
Zumbi;2021;29;3299.25;3707.45;2551.29
Zumbi;2022;17;3027.24;2582.18;2518.95
Zumbi;2023;57;4431.46;4944.63;3876.87
Zumbi;2024;34;4328.72;4774.54;3905.18
Zumbi;2025;29;4004.08;3773.55;3798.98
Zumbi;2026;10;2883.27;2574.54;2844.42
