ranking;bairro_padronizado;total_transacoes;preco_m2_medio_corrigido;preco_m2_mediana_corrigida;preco_m2_medio_nominal;indice_normalizado_0_100;z_score;preco_m2_desvio_padrao;area_media_m2;valor_medio_corrigido
1;Alto Santa Terezinha;3;6661.23;6065.14;4324.5;100.0;2.84;4189.88;34.17;205004.01
2;Sao Jose;924;6126.32;5877.24;5171.21;87.44;2.24;2883.61;253.58;1489334.23
3;Jaqueira;308;6117.37;5875.96;4737.96;87.23;2.23;1975.89;219.22;1320409.35
4;Pina;6511;6021.94;5992.46;4584.46;84.99;2.12;2390.01;132.07;836996.83
5;Corrego Do Jenipapo;7;5927.39;5129.71;5174.2;82.77;2.02;3656.35;41.85;229979.67
6;Santo Amaro;4342;5739.77;5659.96;4132.96;78.36;1.81;2252.84;256.96;1373785.92
7;Casa Forte;1297;5635.25;5492.54;4334.03;75.91;1.69;1702.45;215.38;1198972.6
8;Dois Irmaos;2;5498.76;5498.76;4701.3;72.7;1.54;1058.94;1495.0;7833927.82
9;Boa Viagem;40068;5485.25;5253.96;4164.62;72.39;1.52;2029.15;155.76;881836.86
10;Rosarinho;2419;5448.41;5334.9;3950.08;71.52;1.48;1424.83;143.97;783661.45
11;Parnamirim;1714;5429.56;5250.38;4329.38;71.08;1.46;1894.64;213.72;1159703.12
12;Poco;1134;5373.28;5648.29;4058.63;69.76;1.4;1824.78;209.36;1129631.3
13;Madalena;6171;5024.25;4911.45;3725.05;61.56;1.0;1537.31;163.98;820680.55
14;Brejo Da Guabiraba;9;5015.6;3982.57;4076.01;61.36;0.99;3082.72;126.65;920300.57
15;Ilha Do Leite;1383;4977.43;4973.52;3688.44;60.46;0.95;1788.18;140.1;723377.94
16;Torre;4477;4929.7;4910.21;3729.45;59.34;0.9;1438.42;124.01;599243.12
17;Tamarineira;2784;4871.07;4704.16;3681.6;57.96;0.83;1759.03;149.16;742807.45
18;Santana;578;4866.67;4716.77;3734.79;57.86;0.83;2271.87;299.02;1751146.5
19;Espinheiro;3093;4820.39;4772.94;3619.75;56.77;0.77;1658.89;146.48;664537.5
20;Torreao;597;4806.45;5121.06;3630.36;56.45;0.76;1530.29;137.13;600240.16
21;Encruzilhada;4548;4788.89;4828.38;3547.01;56.03;0.74;1370.66;131.9;626764.35
22;Monteiro;1122;4769.31;4817.76;3703.35;55.57;0.72;1738.15;287.69;1360942.48
23;Gracas;4896;4752.23;4649.26;3668.24;55.17;0.7;1665.79;177.89;842505.87
24;Casa Amarela;6037;4677.1;4675.97;3478.02;53.41;0.61;1307.11;126.16;581927.59
25;Imbiribeira;7319;4674.09;4476.55;3616.9;53.34;0.61;1618.44;183.79;904363.62
26;Ilha Do Retiro;981;4668.21;4784.08;3722.46;53.2;0.6;1882.81;225.88;1026530.06
27;Paissandu;807;4612.98;4663.55;3433.37;51.9;0.54;1514.2;98.59;479769.9
28;Jordao;110;4578.21;4211.62;3450.21;51.09;0.5;2506.04;89.25;332362.5
29;Soledade;732;4458.74;4280.88;3530.67;48.28;0.37;1426.64;190.09;913544.25
30;Apipucos;63;4450.39;4410.09;3402.67;48.08;0.36;1398.7;744.53;3120243.05
31;Caxanga;1725;4443.08;4524.8;3443.58;47.91;0.35;960.54;107.04;466769.72
32;Alto Jose Do Pinho;65;4389.6;3483.28;3517.57;46.66;0.29;2461.94;116.25;661916.34
33;Dois Unidos;1345;4384.29;3777.82;4225.04;46.53;0.28;948.49;57.65;239884.22
34;Bomba Do Hemeterio;30;4354.28;4106.06;3267.76;45.83;0.25;2058.17;136.83;558762.18
35;Aflitos;1171;4326.28;4214.26;3270.76;45.17;0.22;1417.28;150.92;649839.08
36;San Martin;879;4321.6;4293.39;3593.1;45.06;0.21;1363.39;160.93;640358.65
37;Recife;443;4205.35;2654.26;3819.48;42.33;0.08;2676.54;464.14;1287101.13
38;Boa Vista;4599;4189.8;4022.96;3296.25;41.97;0.06;1740.18;193.54;761979.93
39;Bongi;254;4183.01;3998.17;2922.77;41.81;0.06;1456.12;114.39;452745.14
40;Derby;387;4163.19;3889.49;3041.52;41.34;0.03;1807.81;199.23;882246.79
41;Agua Fria;446;4077.22;3971.6;3132.33;39.32;-0.06;1532.96;96.08;385040.89
42;Prado;852;4069.73;4092.92;2995.93;39.15;-0.07;1282.62;172.2;664867.83
43;Guabiraba;1195;4031.11;4264.93;3490.48;38.24;-0.11;1245.21;95.76;406017.64
44;Ponto De Parada;264;4027.7;4307.72;2892.58;38.16;-0.12;1187.48;154.52;580035.81
45;Macaxeira;435;4000.2;4016.73;2940.6;37.51;-0.15;1149.23;128.0;517095.11
46;Toto;4;3999.66;3980.9;3334.97;37.5;-0.15;1120.18;79.46;313565.2
47;Hipodromo;268;3967.34;4112.28;3151.43;36.74;-0.19;1159.77;147.63;545893.3
48;Barro;1034;3944.2;3583.2;2980.21;36.2;-0.21;1113.18;108.36;413981.62
49;Cordeiro;3229;3927.4;3711.3;2922.53;35.8;-0.23;1324.86;113.09;423311.37
50;Campo Grande;1992;3919.48;3878.26;3095.16;35.62;-0.24;1199.3;127.42;498295.61
51;Alto Jose Bonifacio;20;3912.71;3025.23;3083.17;35.46;-0.25;2581.51;61.22;192469.88
52;Jardim Sao Paulo;1485;3889.66;3810.77;3015.97;34.92;-0.27;1332.78;130.9;539449.25
53;Iputinga;3186;3866.86;3881.86;3007.53;34.38;-0.3;1134.04;114.92;422325.63
54;Varzea;6478;3856.75;3734.14;3152.96;34.14;-0.31;1075.03;105.09;383713.37
55;Sitio Dos Pintos;27;3850.6;3963.78;3157.96;34.0;-0.32;1371.87;332.07;1184813.22
56;Fundao;168;3848.75;3467.9;2920.29;33.96;-0.32;1586.73;95.53;384677.56
57;Cacote;6;3811.17;4460.08;3003.0;33.07;-0.36;1614.6;6403.53;30768095.36
58;Coelhos;396;3791.44;3837.56;2933.79;32.61;-0.38;1394.66;107.61;409374.57
59;Zumbi;222;3773.76;3766.52;3166.03;32.2;-0.4;1175.04;130.58;482376.72
60;Beberibe;17;3733.82;3402.19;2847.18;31.26;-0.45;2551.31;196.09;605134.82
61;Cohab;157;3630.3;2920.94;2590.44;28.83;-0.56;2269.94;59.15;179755.2
62;Morro Da Conceicao;34;3625.63;3300.06;2674.84;28.72;-0.57;2062.71;68.0;225532.62
63;Vasco Da Gama;871;3617.11;3292.73;3165.44;28.52;-0.58;1263.44;71.29;247856.3
64;Engenho Do Meio;451;3604.86;3387.36;2614.77;28.23;-0.59;1518.13;118.49;390445.95
65;Coqueiral;12;3604.23;3331.16;2812.39;28.21;-0.59;1528.54;85.95;277177.07
66;Cajueiro;125;3524.02;3261.33;2711.58;26.33;-0.68;1631.89;129.75;414721.58
67;Mangueira;20;3523.89;2917.63;2757.79;26.33;-0.68;2463.67;111.94;352850.82
68;Curado;247;3510.88;3273.46;2686.18;26.02;-0.7;979.62;70.08;262405.91
69;Tejipio;1041;3486.83;3170.17;2518.42;25.46;-0.73;893.82;85.26;294972.16
70;Campina Do Barreto;589;3481.61;3455.26;2526.74;25.34;-0.73;562.33;92.52;307469.68
71;Cohab   Ibura;137;3473.23;2912.33;2731.15;25.14;-0.74;1937.31;57.28;176233.19
72;Arruda;511;3463.07;3087.59;2604.84;24.9;-0.75;1462.33;130.48;450297.37
73;Torroes;120;3431.27;3007.06;2663.35;24.15;-0.79;1519.59;157.95;560301.93
74;Afogados;899;3343.4;3314.92;2639.2;22.09;-0.89;1248.87;358.09;1105133.91
75;Sancho;87;3253.8;3243.83;2535.93;19.99;-0.99;1508.59;81.42;292584.51
76;Brasilia Teimosa;17;3240.31;2795.58;2363.2;19.67;-1.0;1933.8;62.84;198479.82
77;Ipsep;937;3216.82;2946.91;2463.83;19.12;-1.03;1349.14;160.78;438104.63
78;Porto Da Madeira;205;3186.11;2996.98;2462.42;18.4;-1.06;1129.35;81.65;251152.63
79;Mangabeira;107;3178.95;3050.32;2447.71;18.23;-1.07;966.74;74.45;225727.03
80;Estancia;116;3140.18;2682.83;2411.97;17.32;-1.12;1780.67;385.25;1199364.02
81;Brejo De Beberibe;22;3121.4;2220.92;2159.08;16.88;-1.14;2477.28;120.73;270247.57
82;Indefinido;1;3108.43;3108.43;3015.06;16.57;-1.15;;2000.0;6216860.68
83;Passarinho;715;3089.29;3087.13;2858.58;16.12;-1.17;103.96;72.46;221625.21
84;Linha Do Tiro;51;3050.28;2714.11;2404.96;15.21;-1.22;1533.95;74.15;234185.04
85;Nova Descoberta;55;3028.18;2522.63;2379.55;14.69;-1.24;2142.17;81.91;224070.83
86;Cabanga;49;2990.39;2956.81;2344.55;13.8;-1.28;1041.42;163.47;428723.48
87;Santo Antonio;766;2937.07;2252.25;2160.53;12.55;-1.34;2190.47;218.26;733348.7
88;Jiquia;60;2897.85;2545.8;2104.33;11.63;-1.39;1174.58;209.17;535676.49
89;Areias;859;2865.21;2620.22;2209.41;10.86;-1.42;1095.06;159.11;664239.4
90;Ibura;611;2856.05;2451.9;2174.04;10.65;-1.43;1533.52;135.19;447892.26
91;Alto Do Mandu;32;2821.12;2701.15;2119.48;9.83;-1.47;1531.6;149.99;420872.17
92;Mustardinha;28;2402.7;2093.44;1862.29;0.0;-1.94;1149.95;871.05;1737216.85
