bairro_padronizado;ano_arquivo;total_transacoes;preco_m2_medio;preco_m2_mediana
Aflitos;2015;78;3418.95;3255.35
Aflitos;2016;67;3245.48;3201.98
Aflitos;2017;51;3026.44;3139.31
Aflitos;2018;115;3250.08;3182.8
Aflitos;2019;161;2567.3;2892.73
Aflitos;2020;86;3011.37;3121.35
Aflitos;2021;116;3137.31;3060.95
Aflitos;2022;97;3178.83;3039.05
Aflitos;2023;105;3566.41;3371.21
Aflitos;2024;116;3540.12;3376.08
Aflitos;2025;110;3702.27;3587.78
Aflitos;2026;67;3883.86;3660.89
Afogados;2015;58;1946.39;1917.79
Afogados;2016;43;2528.09;2412.01
Afogados;2017;49;1991.24;1977.0
Afogados;2018;33;2109.09;1882.35
Afogados;2019;41;2228.59;1966.3
Afogados;2020;36;1932.62;1841.66
Afogados;2021;58;2160.76;1922.61
Afogados;2022;329;3160.17;3454.9
Afogados;2023;87;2901.9;2466.47
Afogados;2024;70;2368.87;2052.0
Afogados;2025;63;2622.73;2483.85
Afogados;2026;31;2378.31;2331.0
Agua Fria;2015;26;2422.31;2271.61
Agua Fria;2016;25;2406.41;2454.74
Agua Fria;2017;15;2524.03;2107.57
Agua Fria;2018;20;2395.96;2088.31
Agua Fria;2019;21;2766.54;2297.6
Agua Fria;2020;80;3474.16;3511.24
Agua Fria;2021;66;3039.35;3277.64
Agua Fria;2022;41;3020.39;2985.07
Agua Fria;2023;58;3076.41;2901.95
Agua Fria;2024;46;3353.06;2941.7
Agua Fria;2025;33;3521.65;3218.39
Agua Fria;2026;12;3797.11;3888.79
Alto Do Mandu;2015;4;1832.01;1996.18
Alto Do Mandu;2016;3;1891.34;1920.77
Alto Do Mandu;2017;2;1463.42;1463.42
Alto Do Mandu;2018;1;779.96;779.96
Alto Do Mandu;2019;2;1761.2;1761.2
Alto Do Mandu;2020;2;1659.73;1659.73
Alto Do Mandu;2021;3;2002.16;2019.83
Alto Do Mandu;2022;5;2513.03;2222.22
Alto Do Mandu;2023;5;1693.96;1359.83
Alto Do Mandu;2024;2;5576.18;5576.18
Alto Do Mandu;2025;3;1564.64;1865.89
Alto Do Mandu;2026;1;2108.3;2108.3
Alto Jose Bonifacio;2015;5;1935.72;1634.62
Alto Jose Bonifacio;2016;2;1435.41;1435.41
Alto Jose Bonifacio;2017;1;1405.15;1405.15
Alto Jose Bonifacio;2021;3;2354.31;2954.55
Alto Jose Bonifacio;2022;2;3772.22;3772.22
Alto Jose Bonifacio;2023;2;6507.23;6507.23
Alto Jose Bonifacio;2024;2;1642.09;1642.09
Alto Jose Bonifacio;2025;3;5600.93;5011.09
Alto Jose Do Pinho;2015;4;1219.8;1245.16
Alto Jose Do Pinho;2016;7;1990.01;1784.9
Alto Jose Do Pinho;2017;4;2463.15;2184.64
Alto Jose Do Pinho;2018;4;3293.71;2654.91
Alto Jose Do Pinho;2019;4;2723.13;2596.78
Alto Jose Do Pinho;2020;5;2725.19;2500.0
Alto Jose Do Pinho;2021;5;3501.29;2658.83
Alto Jose Do Pinho;2022;5;4560.05;3602.57
Alto Jose Do Pinho;2023;7;4550.4;4000.0
Alto Jose Do Pinho;2024;10;4849.16;3248.18
Alto Jose Do Pinho;2025;5;4824.95;4268.29
Alto Jose Do Pinho;2026;5;3502.19;2297.79
Alto Santa Terezinha;2016;1;3636.36;3636.36
Alto Santa Terezinha;2017;1;7000.0;7000.0
Alto Santa Terezinha;2022;1;2337.14;2337.14
Apipucos;2015;8;2909.28;3177.77
Apipucos;2016;5;3236.57;3153.91
Apipucos;2017;4;3255.18;3184.13
Apipucos;2018;1;3785.03;3785.03
Apipucos;2019;1;3637.5;3637.5
Apipucos;2020;3;2919.41;2955.08
Apipucos;2021;7;2910.6;2877.45
Apipucos;2022;8;4005.72;3424.76
Apipucos;2023;10;3576.74;3727.47
Apipucos;2024;7;3552.13;3175.57
Apipucos;2025;6;3806.27;3316.69
Apipucos;2026;3;3273.27;3300.61
Areias;2015;43;1926.38;2087.78
Areias;2016;64;2155.77;2006.08
Areias;2017;47;1997.63;1945.29
Areias;2018;70;2022.41;1958.86
Areias;2019;49;1901.82;1888.9
Areias;2020;69;2385.09;1920.97
Areias;2021;86;2095.29;1925.26
Areias;2022;112;2287.33;2098.78
Areias;2023;87;2405.14;2188.45
Areias;2024;96;2237.08;2188.45
Areias;2025;94;2282.53;2066.87
Areias;2026;45;2473.82;2378.62
Arruda;2015;42;2473.2;2198.11
Arruda;2016;40;2094.4;1978.35
Arruda;2017;32;2361.1;2101.9
Arruda;2018;55;2316.99;2170.68
Arruda;2019;44;2505.92;2240.44
Arruda;2020;36;2323.72;2138.49
Arruda;2021;47;2446.29;2216.57
Arruda;2022;45;2869.1;2400.55
Arruda;2023;59;2571.92;2488.23
Arruda;2024;45;2787.91;2559.41
Arruda;2025;38;3011.42;2774.6
Arruda;2026;25;3550.16;3322.26
Barro;2015;35;2862.51;2890.69
Barro;2016;32;2831.5;2681.55
Barro;2017;33;2497.37;2642.01
Barro;2018;60;3150.51;3516.71
Barro;2019;76;3346.53;3513.76
Barro;2020;320;2530.44;2419.55
Barro;2021;112;3078.19;3148.53
Barro;2022;83;3144.36;3132.91
Barro;2023;55;3050.46;3108.16
Barro;2024;137;3427.77;3353.32
Barro;2025;51;3262.55;3387.37
Barro;2026;40;3646.61;3389.65
Beberibe;2015;1;9900.99;9900.99
Beberibe;2017;2;1619.7;1619.7
Beberibe;2018;3;3886.31;2354.05
Beberibe;2019;3;2015.26;2049.18
Beberibe;2020;1;1064.72;1064.72
Beberibe;2021;1;3900.0;3900.0
Beberibe;2022;1;2160.69;2160.69
Beberibe;2023;2;4413.98;4413.98
Beberibe;2025;3;2734.87;3030.3
Beberibe;2026;1;3300.0;3300.0
Boa Viagem;2015;2724;3963.58;3893.85
Boa Viagem;2016;3313;3955.07;3958.04
Boa Viagem;2017;3117;3729.44;3635.73
Boa Viagem;2018;3033;3780.89;3705.58
Boa Viagem;2019;3171;3828.62;3761.13
Boa Viagem;2020;3172;3783.82;3761.07
Boa Viagem;2021;3881;3899.95;3752.35
Boa Viagem;2022;3994;4201.31;3840.81
Boa Viagem;2023;3280;4219.48;3939.19
Boa Viagem;2024;3540;4393.69;4118.26
Boa Viagem;2025;4188;4721.87;4467.23
Boa Viagem;2026;2428;4993.26;4705.74
Boa Vista;2015;289;2853.26;2893.39
Boa Vista;2016;392;3081.69;3398.25
Boa Vista;2017;287;2824.93;2846.57
Boa Vista;2018;291;2592.86;2366.06
Boa Vista;2019;290;2595.43;2536.32
Boa Vista;2020;213;3049.51;2583.59
Boa Vista;2021;388;2833.33;2922.98
Boa Vista;2022;561;2922.72;2668.75
Boa Vista;2023;403;3678.82;2778.04
Boa Vista;2024;464;3802.51;3535.81
Boa Vista;2025;655;3834.12;4061.31
Boa Vista;2026;392;4101.76;4114.21
Bomba Do Hemeterio;2015;1;2325.58;2325.58
Bomba Do Hemeterio;2016;2;2928.0;2928.0
Bomba Do Hemeterio;2018;6;2365.11;2381.85
Bomba Do Hemeterio;2019;7;3652.24;3102.38
Bomba Do Hemeterio;2020;3;3561.73;3149.61
Bomba Do Hemeterio;2021;5;3001.23;2123.55
Bomba Do Hemeterio;2023;2;3049.92;3049.92
Bomba Do Hemeterio;2024;2;5238.53;5238.53
Bomba Do Hemeterio;2025;1;2057.14;2057.14
Bomba Do Hemeterio;2026;1;4142.86;4142.86
Bongi;2015;77;2944.7;3138.64
Bongi;2016;16;2840.46;3057.42
Bongi;2017;13;2793.61;2883.78
Bongi;2018;13;2756.4;3003.18
Bongi;2019;15;2265.68;2210.66
Bongi;2020;12;2771.66;2595.09
Bongi;2021;20;2513.8;2376.01
Bongi;2022;17;3029.46;3062.07
Bongi;2023;16;3000.78;3164.19
Bongi;2024;27;3086.96;2857.14
Bongi;2025;19;3330.0;3337.04
Bongi;2026;8;2944.95;2810.39
Brasilia Teimosa;2015;2;2021.94;2021.94
Brasilia Teimosa;2016;1;1111.11;1111.11
Brasilia Teimosa;2017;2;1333.33;1333.33
Brasilia Teimosa;2018;4;2410.46;1957.67
Brasilia Teimosa;2019;1;2537.8;2537.8
Brasilia Teimosa;2021;2;4163.26;4163.26
Brasilia Teimosa;2026;3;3497.76;3571.43
Brejo Da Guabiraba;2015;1;2666.67;2666.67
Brejo Da Guabiraba;2021;2;1843.84;1843.84
Brejo Da Guabiraba;2022;4;4077.64;3760.96
Brejo Da Guabiraba;2023;1;3437.5;3437.5
Brejo De Beberibe;2015;3;957.9;892.86
Brejo De Beberibe;2016;1;4032.26;4032.26
Brejo De Beberibe;2017;5;1807.76;2096.77
Brejo De Beberibe;2018;4;2985.28;1767.74
Brejo De Beberibe;2019;1;1538.46;1538.46
Brejo De Beberibe;2020;1;1006.75;1006.75
Brejo De Beberibe;2021;3;2124.36;1605.54
Brejo De Beberibe;2023;2;3877.21;3877.21
Brejo De Beberibe;2024;1;1476.45;1476.45
Brejo De Beberibe;2026;1;1464.74;1464.74
Cabanga;2015;2;1528.76;1528.76
Cabanga;2016;3;1819.71;1842.81
Cabanga;2017;7;1635.98;1506.53
Cabanga;2018;2;1769.15;1769.15
Cabanga;2019;2;1306.61;1306.61
Cabanga;2020;6;2520.37;2049.05
Cabanga;2021;3;2234.42;2268.87
Cabanga;2022;6;2305.64;2141.85
Cabanga;2023;7;3019.94;2881.26
Cabanga;2024;3;3075.76;2802.95
Cabanga;2025;4;1737.78;1424.4
Cabanga;2026;5;3316.25;3431.37
Cacote;2016;1;984.35;984.35
Cacote;2017;1;1282.52;1282.52
Cacote;2019;2;3515.41;3515.41
Cacote;2026;2;4360.15;4360.15
Cajueiro;2015;10;2325.33;2259.15
Cajueiro;2016;8;2099.07;2068.25
Cajueiro;2017;11;2842.79;2285.22
Cajueiro;2018;5;2331.7;1899.34
Cajueiro;2019;8;2692.58;2713.86
Cajueiro;2020;8;2581.84;2436.13
Cajueiro;2021;17;2445.61;2160.53
Cajueiro;2022;7;2712.37;2438.85
Cajueiro;2023;14;2424.33;2580.1
Cajueiro;2024;17;2767.08;2500.0
Cajueiro;2025;14;3396.93;3353.88
Cajueiro;2026;5;2915.86;3072.87
Campina Do Barreto;2015;2;3122.98;3122.98
Campina Do Barreto;2016;5;1717.68;1658.83
Campina Do Barreto;2017;1;2148.69;2148.69
Campina Do Barreto;2018;151;2315.81;2295.24
Campina Do Barreto;2019;75;2356.22;2301.65
Campina Do Barreto;2020;213;2423.33;2413.31
Campina Do Barreto;2021;37;2619.91;2413.31
Campina Do Barreto;2022;29;2787.37;2536.75
Campina Do Barreto;2023;24;3054.86;3066.26
Campina Do Barreto;2024;27;3577.28;3302.43
Campina Do Barreto;2025;16;3056.69;3246.36
Campina Do Barreto;2026;9;3568.28;3486.83
Campo Grande;2015;148;2749.43;2772.89
Campo Grande;2016;123;2756.25;2600.78
Campo Grande;2017;108;2581.65;2526.26
Campo Grande;2018;155;2663.53;2706.15
Campo Grande;2019;96;2661.12;2626.11
Campo Grande;2020;108;2785.7;2795.89
Campo Grande;2021;178;2800.79;2816.31
Campo Grande;2022;168;2729.05;2825.37
Campo Grande;2023;149;2851.98;2846.93
Campo Grande;2024;307;3572.13;3777.78
Campo Grande;2025;281;3707.96;3856.99
Campo Grande;2026;174;3755.32;3906.86
Casa Amarela;2015;468;3419.75;3428.08
Casa Amarela;2016;612;3511.51;3521.07
Casa Amarela;2017;462;3116.08;3149.3
Casa Amarela;2018;580;3057.39;3207.37
Casa Amarela;2019;449;3363.23;3483.13
Casa Amarela;2020;460;3251.1;3307.05
Casa Amarela;2021;534;3311.21;3383.19
Casa Amarela;2022;534;3436.38;3536.3
Casa Amarela;2023;504;3657.29;3666.4
Casa Amarela;2024;578;3806.74;3839.05
Casa Amarela;2025;562;3926.22;3934.02
Casa Amarela;2026;291;3978.86;3879.68
Casa Forte;2015;93;3764.37;3779.29
Casa Forte;2016;98;3540.08;3708.37
Casa Forte;2017;86;4119.46;3655.57
Casa Forte;2018;81;3673.47;3500.82
Casa Forte;2019;101;3931.86;3823.75
Casa Forte;2020;87;3659.22;3698.64
Casa Forte;2021;192;4197.68;4215.03
Casa Forte;2022;107;4100.66;4177.59
Casa Forte;2023;93;4692.36;4456.27
Casa Forte;2024;117;4632.8;4497.41
Casa Forte;2025;137;5384.71;4979.2
Casa Forte;2026;100;5412.51;5175.28
Caxanga;2015;258;3013.38;2971.68
Caxanga;2016;89;2768.62;2940.87
Caxanga;2017;75;2891.1;2877.85
Caxanga;2018;68;2695.35;2799.03
Caxanga;2019;32;2598.71;2642.31
Caxanga;2020;194;3242.23;3365.7
Caxanga;2021;210;2972.18;2875.14
Caxanga;2022;103;3080.17;3019.08
Caxanga;2023;67;3052.74;3142.13
Caxanga;2024;147;4270.39;4523.45
Caxanga;2025;359;4288.41;4321.08
Caxanga;2026;124;4098.77;4220.92
Coelhos;2015;34;2767.39;3014.44
Coelhos;2016;28;2781.86;2974.71
Coelhos;2017;32;2847.59;2855.78
Coelhos;2018;12;2855.57;2769.79
Coelhos;2019;18;2725.51;2526.95
Coelhos;2020;30;3130.74;2783.13
Coelhos;2021;36;2858.86;2896.48
Coelhos;2022;45;3590.94;3772.41
Coelhos;2023;13;3195.56;3353.36
Coelhos;2024;32;2700.43;2457.48
Coelhos;2025;81;3108.76;2987.45
Coelhos;2026;36;2386.61;2231.04
Cohab;2015;15;1848.92;1399.4
Cohab;2016;14;1814.79;1601.95
Cohab;2017;30;2305.3;2040.9
Cohab;2018;17;2764.18;2201.81
Cohab;2019;11;3383.24;1909.1
Cohab;2020;4;4394.29;4408.41
Cohab;2021;11;3083.83;2341.09
Cohab;2022;20;2882.88;2656.34
Cohab;2023;16;2965.23;2330.52
Cohab;2024;16;2610.78;2012.94
Cohab   Ibura;2015;8;2264.48;1891.89
Cohab   Ibura;2016;11;2047.59;1716.87
Cohab   Ibura;2017;14;2766.71;2044.03
Cohab   Ibura;2018;4;2517.39;2624.78
Cohab   Ibura;2019;10;3140.27;2470.93
Cohab   Ibura;2020;7;3376.78;3243.24
Cohab   Ibura;2021;8;2480.3;2194.86
Cohab   Ibura;2022;12;2995.37;2247.01
Cohab   Ibura;2023;11;3215.81;2432.43
Cohab   Ibura;2024;9;3172.46;3243.24
Cohab   Ibura;2025;28;2648.3;2180.35
Cohab   Ibura;2026;14;3120.47;2389.03
Coqueiral;2015;1;3076.92;3076.92
Coqueiral;2016;1;3846.15;3846.15
Coqueiral;2017;1;2583.56;2583.56
Coqueiral;2019;1;2583.56;2583.56
Coqueiral;2022;1;2345.68;2345.68
Coqueiral;2023;1;1850.69;1850.69
Coqueiral;2024;2;2233.29;2233.29
Coqueiral;2025;3;3085.72;2663.31
Coqueiral;2026;1;3738.32;3738.32
Cordeiro;2015;388;3075.47;2998.59
Cordeiro;2016;215;2647.78;2527.19
Cordeiro;2017;189;2453.19;2402.64
Cordeiro;2018;175;2531.1;2453.22
Cordeiro;2019;294;2967.8;2857.09
Cordeiro;2020;237;2898.4;2795.81
Cordeiro;2021;278;2679.1;2464.27
Cordeiro;2022;453;3188.72;3365.53
Cordeiro;2023;264;2935.94;2759.8
Cordeiro;2024;272;2977.38;2712.62
Cordeiro;2025;277;3101.53;2910.09
Cordeiro;2026;186;3073.67;2760.03
Corrego Do Jenipapo;2016;1;1380.5;1380.5
Corrego Do Jenipapo;2017;1;3500.0;3500.0
Corrego Do Jenipapo;2024;1;4666.67;4666.67
Corrego Do Jenipapo;2025;2;5291.67;5291.67
Corrego Do Jenipapo;2026;1;4888.89;4888.89
Curado;2015;14;2469.86;2550.79
Curado;2016;16;2491.23;2378.12
Curado;2017;17;2741.42;2576.3
Curado;2018;14;2977.11;2765.11
Curado;2019;17;2472.31;2378.59
Curado;2020;27;2376.59;2279.03
Curado;2021;24;2472.43;2477.21
Curado;2022;22;2692.51;2527.01
Curado;2023;30;2951.33;2734.84
Curado;2024;31;2777.48;2675.39
Curado;2025;23;2915.16;2775.02
Curado;2026;11;3056.33;2675.39
Derby;2015;27;4102.69;3225.81
Derby;2016;21;2909.68;2660.62
Derby;2017;37;3031.06;2757.28
Derby;2018;38;3423.2;3431.81
Derby;2019;64;3154.21;3106.52
Derby;2020;17;2705.57;2809.17
Derby;2021;43;3138.51;2947.06
Derby;2022;36;2748.19;2853.26
Derby;2023;26;2811.31;2744.38
Derby;2024;29;2902.29;2935.74
Derby;2025;36;2865.41;2938.68
Derby;2026;19;2948.56;3038.06
Dois Irmaos;2022;1;3977.23;3977.23
Dois Irmaos;2023;1;5425.37;5425.37
Dois Unidos;2016;2;9704.98;9704.98
Dois Unidos;2017;1;930.12;930.12
Dois Unidos;2022;2;2855.25;2855.25
Dois Unidos;2023;1;1095.47;1095.47
Dois Unidos;2024;309;3323.96;3337.65
Dois Unidos;2025;488;3494.92;3559.86
Dois Unidos;2026;543;5417.33;5554.29
Encruzilhada;2015;466;3427.23;3327.43
Encruzilhada;2016;341;3315.22;3411.78
Encruzilhada;2017;458;3360.08;3458.18
Encruzilhada;2018;335;3193.25;3304.21
Encruzilhada;2019;355;3315.87;3460.44
Encruzilhada;2020;287;3365.22;3462.95
Encruzilhada;2021;518;3568.17;3585.7
Encruzilhada;2022;355;3483.71;3463.77
Encruzilhada;2023;364;3624.47;3598.85
Encruzilhada;2024;446;3769.69;3599.85
Encruzilhada;2025;373;4050.77;4048.58
Encruzilhada;2026;249;4116.52;3883.16
Engenho Do Meio;2015;40;2812.19;2845.43
Engenho Do Meio;2016;71;2897.16;3223.57
Engenho Do Meio;2017;14;2283.18;2550.67
Engenho Do Meio;2018;15;2277.7;2272.73
Engenho Do Meio;2019;45;2566.69;1945.2
Engenho Do Meio;2020;41;2282.99;2465.85
Engenho Do Meio;2021;56;2411.41;2422.08
Engenho Do Meio;2022;38;2695.34;2667.48
Engenho Do Meio;2023;42;2632.1;2569.92
Engenho Do Meio;2024;37;2554.35;2325.58
Engenho Do Meio;2025;34;2578.51;2596.81
Engenho Do Meio;2026;16;2748.15;2675.13
Espinheiro;2015;236;3836.88;4129.51
Espinheiro;2016;268;3645.97;3578.48
Espinheiro;2017;216;3480.64;3542.04
Espinheiro;2018;218;3506.15;3560.65
Espinheiro;2019;242;3191.91;3282.03
Espinheiro;2020;207;3504.39;3472.63
Espinheiro;2021;321;3425.95;3467.21
Espinheiro;2022;287;3678.82;3463.64
Espinheiro;2023;317;3887.44;3756.33
Espinheiro;2024;282;3491.27;3210.95
Espinheiro;2025;263;3635.1;3435.91
Espinheiro;2026;246;4156.0;4094.81
Estancia;2015;9;2026.92;1990.83
Estancia;2016;8;2518.85;2074.18
Estancia;2017;8;2002.34;1878.42
Estancia;2018;8;1530.65;1424.51
Estancia;2019;9;3825.82;2246.63
Estancia;2020;5;1935.96;1916.67
Estancia;2021;11;2140.41;2441.61
Estancia;2022;13;3020.5;2268.15
Estancia;2023;13;2198.66;2086.25
Estancia;2024;11;2480.72;2268.15
Estancia;2025;10;3132.18;2545.44
Estancia;2026;11;2522.34;2478.0
Fundao;2015;18;2905.31;2837.61
Fundao;2016;9;3352.3;2837.61
Fundao;2017;11;2885.01;2837.61
Fundao;2018;19;2289.91;2356.41
Fundao;2019;8;2398.3;2270.04
Fundao;2020;5;2228.77;2356.41
Fundao;2021;14;2809.65;2541.66
Fundao;2022;16;3042.58;2687.53
Fundao;2023;16;3900.07;3479.25
Fundao;2024;24;2843.29;2714.61
Fundao;2025;22;3019.8;2837.61
Fundao;2026;6;2912.91;3095.58
Gracas;2015;314;3260.99;3595.78
Gracas;2016;331;3474.38;3629.14
Gracas;2017;331;3558.3;3607.43
Gracas;2018;333;3638.12;3608.7
Gracas;2019;327;3556.68;3561.26
Gracas;2020;298;3236.09;3332.93
Gracas;2021;431;3598.55;3436.43
Gracas;2022;543;3660.65;3589.2
Gracas;2023;491;3775.08;3656.49
Gracas;2024;589;3746.34;3662.87
Gracas;2025;549;3808.5;3709.01
Gracas;2026;343;4182.16;4074.07
Guabiraba;2015;3;1643.74;1379.31
Guabiraba;2016;1;6250.0;6250.0
Guabiraba;2017;2;4591.54;4591.54
Guabiraba;2018;179;2180.04;2116.05
Guabiraba;2019;90;2169.74;2116.05
Guabiraba;2020;21;4063.37;3464.96
Guabiraba;2021;12;4245.14;4032.26
Guabiraba;2022;29;3265.38;2322.12
Guabiraba;2023;77;3524.82;3774.47
Guabiraba;2024;445;3887.75;3998.32
Guabiraba;2025;238;3645.11;3680.16
Guabiraba;2026;92;3871.11;4115.23
Hipodromo;2015;16;2580.9;2656.14
Hipodromo;2016;10;2563.6;2639.12
Hipodromo;2017;6;2822.46;2550.0
Hipodromo;2018;21;2890.67;2584.27
Hipodromo;2019;14;2664.8;2816.07
Hipodromo;2020;14;2652.83;2355.05
Hipodromo;2021;15;2374.36;2198.61
Hipodromo;2022;75;3501.74;3702.11
Hipodromo;2023;36;3698.75;3980.89
Hipodromo;2024;25;3337.27;3549.38
Hipodromo;2025;27;3187.61;3137.01
Hipodromo;2026;9;2741.12;2504.54
Ibura;2015;31;2153.81;2163.37
Ibura;2016;34;2004.85;2072.86
Ibura;2017;30;2025.92;1714.96
Ibura;2018;127;1756.98;1585.23
Ibura;2019;37;1749.61;1598.58
Ibura;2020;39;1869.03;1742.21
Ibura;2021;64;2028.94;1836.65
Ibura;2022;34;1992.95;1771.73
Ibura;2023;59;2286.17;2139.89
Ibura;2024;73;2240.76;2057.61
Ibura;2025;46;2759.03;2144.04
Ibura;2026;31;2338.86;1878.82
Ilha Do Leite;2015;46;3534.7;3255.88
Ilha Do Leite;2016;90;4459.88;4192.55
Ilha Do Leite;2017;48;3206.56;3623.38
Ilha Do Leite;2018;265;3679.89;3751.78
Ilha Do Leite;2019;193;3229.62;3504.65
Ilha Do Leite;2020;96;3677.4;4025.34
Ilha Do Leite;2021;106;3701.47;3800.29
Ilha Do Leite;2022;110;3829.7;3846.96
Ilha Do Leite;2023;172;3739.38;3540.45
Ilha Do Leite;2024;121;3712.36;3668.85
Ilha Do Leite;2025;84;3578.67;3522.16
Ilha Do Leite;2026;54;4388.92;4554.32
Ilha Do Retiro;2015;11;3032.09;2912.82
Ilha Do Retiro;2016;75;2777.25;3306.79
Ilha Do Retiro;2017;51;3354.78;3621.49
Ilha Do Retiro;2018;78;3356.64;3398.4
Ilha Do Retiro;2019;101;3033.57;3264.66
Ilha Do Retiro;2020;63;3257.93;3407.98
Ilha Do Retiro;2021;70;3437.54;3508.25
Ilha Do Retiro;2022;57;3361.18;3252.13
Ilha Do Retiro;2023;199;4148.06;3630.93
Ilha Do Retiro;2024;108;4667.85;4495.31
Ilha Do Retiro;2025;97;4817.11;4533.27
Ilha Do Retiro;2026;46;5064.02;5161.51
Imbiribeira;2015;647;3693.46;4020.69
Imbiribeira;2016;517;3531.55;3846.15
Imbiribeira;2017;433;3310.59;3169.67
Imbiribeira;2018;574;2979.5;2984.23
Imbiribeira;2019;477;3212.29;3143.77
Imbiribeira;2020;359;3223.16;3145.79
Imbiribeira;2021;587;3167.99;3106.19
Imbiribeira;2022;644;3260.69;3379.07
Imbiribeira;2023;665;3504.22;3234.47
Imbiribeira;2024;675;3739.56;3686.08
Imbiribeira;2025;879;4152.63;4215.95
Imbiribeira;2026;864;4593.42;4740.45
Indefinido;2026;1;3015.06;3015.06
Ipsep;2015;67;2043.1;2019.75
Ipsep;2016;67;2087.58;2166.69
Ipsep;2017;62;2167.13;2083.1
Ipsep;2018;80;2228.86;2170.54
Ipsep;2019;86;2193.35;1924.59
Ipsep;2020;55;2380.86;2222.22
Ipsep;2021;80;2584.65;2260.12
Ipsep;2022;95;2916.14;2327.91
Ipsep;2023;81;2555.14;2384.07
Ipsep;2024;119;2762.44;2454.63
Ipsep;2025;93;2634.87;2567.9
Ipsep;2026;51;2432.89;2338.29
Iputinga;2015;162;2697.16;2684.45
Iputinga;2016;151;2682.72;2760.87
Iputinga;2017;160;2447.29;2398.63
Iputinga;2018;172;2592.7;2604.62
Iputinga;2019;519;2816.29;2851.98
Iputinga;2020;269;2862.49;2875.05
Iputinga;2021;314;2802.42;2838.59
Iputinga;2022;246;2975.42;2823.72
Iputinga;2023;305;3215.94;3155.07
Iputinga;2024;296;3056.6;2849.64
Iputinga;2025;237;2987.6;2850.63
Iputinga;2026;359;4130.12;4310.67
Jaqueira;2015;17;4314.58;4495.19
Jaqueira;2016;10;3726.38;4003.55
Jaqueira;2017;14;4078.77;4058.06
Jaqueira;2018;21;4030.15;3908.68
Jaqueira;2019;43;4997.75;4504.82
Jaqueira;2020;26;4929.31;4356.93
Jaqueira;2021;27;4078.65;3875.17
Jaqueira;2022;32;4811.9;4579.15
Jaqueira;2023;27;4735.91;4446.42
Jaqueira;2024;36;4670.57;4600.55
Jaqueira;2025;36;4959.21;4524.69
Jaqueira;2026;15;5163.19;5219.21
Jardim Sao Paulo;2015;99;2906.9;2774.01
Jardim Sao Paulo;2016;128;2979.29;3221.87
Jardim Sao Paulo;2017;88;2945.87;2870.65
Jardim Sao Paulo;2018;93;2850.5;2901.52
Jardim Sao Paulo;2019;94;2443.7;2201.98
Jardim Sao Paulo;2020;74;2449.49;2360.58
Jardim Sao Paulo;2021;119;2731.74;2848.29
Jardim Sao Paulo;2022;145;2869.31;2989.83
Jardim Sao Paulo;2023;189;3292.73;3375.98
Jardim Sao Paulo;2024;159;3250.85;3393.41
Jardim Sao Paulo;2025;201;3409.12;3520.64
Jardim Sao Paulo;2026;92;3311.44;3384.48
Jiquia;2015;7;1877.93;1455.55
Jiquia;2016;4;2055.49;1893.44
Jiquia;2017;5;2163.73;1847.86
Jiquia;2018;7;1741.45;1680.7
Jiquia;2019;7;2127.14;2620.89
Jiquia;2020;2;1609.46;1609.46
Jiquia;2021;9;1868.15;1947.48
Jiquia;2022;6;2144.49;2060.34
Jiquia;2023;6;2876.11;3051.83
Jiquia;2024;2;2994.13;2994.13
Jiquia;2025;2;1858.04;1858.04
Jiquia;2026;3;2377.73;2218.23
Jordao;2015;16;3197.06;2858.28
Jordao;2016;7;1686.3;1619.09
Jordao;2017;7;3070.16;3238.16
Jordao;2018;5;2217.15;2007.07
Jordao;2019;10;3530.08;3285.48
Jordao;2020;6;3241.83;3273.39
Jordao;2021;15;3705.81;3166.25
Jordao;2022;10;2366.2;2209.38
Jordao;2023;9;4285.44;3221.35
Jordao;2024;7;4302.6;4054.05
Jordao;2025;9;5375.69;4782.61
Jordao;2026;9;3657.77;3260.87
Linha Do Tiro;2015;2;1715.65;1715.65
Linha Do Tiro;2016;3;2160.05;2160.05
Linha Do Tiro;2017;2;2119.73;2119.73
Linha Do Tiro;2018;2;2091.96;2091.96
Linha Do Tiro;2019;5;2383.34;2674.35
Linha Do Tiro;2020;2;4712.95;4712.95
Linha Do Tiro;2021;6;2325.63;2456.28
Linha Do Tiro;2022;7;2672.4;2262.91
Linha Do Tiro;2023;7;2260.39;2063.49
Linha Do Tiro;2024;3;2714.08;2674.35
Linha Do Tiro;2025;8;2120.34;2185.3
Linha Do Tiro;2026;4;2346.76;2462.17
Macaxeira;2015;39;2605.29;2771.31
Macaxeira;2016;43;2552.51;2605.03
Macaxeira;2017;22;2618.29;2596.36
Macaxeira;2018;41;2394.1;2372.48
Macaxeira;2019;46;2694.52;2835.18
Macaxeira;2020;57;2939.21;2951.03
Macaxeira;2021;52;3099.6;3127.45
Macaxeira;2022;38;3285.83;3178.49
Macaxeira;2023;17;2966.03;3269.04
Macaxeira;2024;29;3441.37;3510.86
Macaxeira;2025;31;3556.6;3672.9
Macaxeira;2026;20;3701.8;3509.33
Madalena;2015;850;3604.59;3650.34
Madalena;2016;601;3452.3;3561.3
Madalena;2017;386;3334.06;3342.2
Madalena;2018;410;3353.95;3404.77
Madalena;2019;417;3233.3;3313.04
Madalena;2020;341;3432.35;3385.03
Madalena;2021;583;3470.09;3512.27
Madalena;2022;569;3691.31;3710.02
Madalena;2023;525;3718.79;3653.42
Madalena;2024;554;4106.58;4027.57
Madalena;2025;579;4718.75;4467.2
Madalena;2026;344;4638.72;4448.73
Mangabeira;2015;3;2436.57;2542.51
Mangabeira;2016;7;2244.65;2542.51
Mangabeira;2017;3;2299.79;2288.26
Mangabeira;2018;24;2417.9;2224.69
Mangabeira;2019;7;2616.19;2145.24
Mangabeira;2020;3;2066.47;2043.01
Mangabeira;2021;5;2272.37;2224.69
Mangabeira;2022;10;2146.51;2383.6
Mangabeira;2023;9;2249.2;2383.6
Mangabeira;2024;15;2731.93;2542.51
Mangabeira;2025;16;2595.64;2579.3
Mangabeira;2026;5;2772.38;2500.0
Mangueira;2015;1;2224.9;2224.9
Mangueira;2016;1;1776.11;1776.11
Mangueira;2018;1;1436.56;1436.56
Mangueira;2019;4;3848.36;3341.85
Mangueira;2021;1;2366.33;2366.33
Mangueira;2022;3;3797.86;2423.21
Mangueira;2023;1;1777.78;1777.78
Mangueira;2024;5;2063.57;2369.67
Mangueira;2025;4;2301.68;2495.64
Monteiro;2015;68;3469.36;3706.41
Monteiro;2016;73;2492.99;2258.41
Monteiro;2017;71;2781.73;3080.86
Monteiro;2018;50;3449.58;3445.6
Monteiro;2019;82;3228.47;3182.87
Monteiro;2020;150;2797.5;3117.08
Monteiro;2021;154;3814.16;3938.64
Monteiro;2022;86;3618.7;3885.95
Monteiro;2023;134;4249.55;4338.78
Monteiro;2024;81;4443.41;4551.84
Monteiro;2025;75;4903.51;5081.07
Monteiro;2026;96;5061.47;5492.44
Morro Da Conceicao;2015;3;1908.7;1200.0
Morro Da Conceicao;2016;3;1804.26;1250.0
Morro Da Conceicao;2017;5;2873.83;2000.0
Morro Da Conceicao;2018;1;1366.23;1366.23
Morro Da Conceicao;2019;4;2036.36;1783.33
Morro Da Conceicao;2020;3;3804.9;2822.73
Morro Da Conceicao;2021;3;3601.45;3085.11
Morro Da Conceicao;2022;1;2702.7;2702.7
Morro Da Conceicao;2023;3;2780.38;2818.18
Morro Da Conceicao;2024;2;2437.93;2437.93
Morro Da Conceicao;2025;3;3411.64;3333.33
Morro Da Conceicao;2026;2;3423.42;3423.42
Mustardinha;2015;2;828.85;828.85
Mustardinha;2016;2;1678.6;1678.6
Mustardinha;2017;1;1071.72;1071.72
Mustardinha;2018;1;1324.27;1324.27
Mustardinha;2019;7;1941.03;1622.69
Mustardinha;2022;4;1623.96;1543.55
Mustardinha;2023;4;3258.68;3400.62
Mustardinha;2024;4;1553.8;1646.06
Mustardinha;2025;1;2759.62;2759.62
Mustardinha;2026;2;1320.28;1320.28
Nova Descoberta;2015;7;1118.18;1000.0
Nova Descoberta;2016;2;912.77;912.77
Nova Descoberta;2017;2;2321.69;2321.69
Nova Descoberta;2018;8;2646.12;2502.78
Nova Descoberta;2019;2;1907.99;1907.99
Nova Descoberta;2020;1;1343.28;1343.28
Nova Descoberta;2021;4;1700.95;1668.19
Nova Descoberta;2022;6;3932.98;2630.51
Nova Descoberta;2023;6;2542.11;2418.4
Nova Descoberta;2024;7;2196.24;2111.11
Nova Descoberta;2025;5;2045.16;2127.66
Nova Descoberta;2026;3;2690.13;2560.98
Paissandu;2015;18;3372.21;3364.61
Paissandu;2016;118;3758.49;3808.35
Paissandu;2017;35;3600.56;3750.0
Paissandu;2018;99;3662.57;3779.4
Paissandu;2019;90;2982.78;3590.85
Paissandu;2020;34;3145.81;3539.6
Paissandu;2021;58;3315.22;3789.46
Paissandu;2022;62;3452.9;3789.46
Paissandu;2023;94;3194.11;3318.62
Paissandu;2024;57;3256.89;3403.19
Paissandu;2025;72;3304.84;3317.47
Paissandu;2026;70;3597.54;3317.31
Parnamirim;2015;88;3958.84;4036.82
Parnamirim;2016;92;4328.96;3901.12
Parnamirim;2017;78;3652.47;3235.24
Parnamirim;2018;81;3848.63;3543.38
Parnamirim;2019;109;3576.41;3720.24
Parnamirim;2020;172;3256.35;3239.14
Parnamirim;2021;165;3856.97;3820.84
Parnamirim;2022;174;4566.1;4553.46
Parnamirim;2023;193;4475.96;4462.15
Parnamirim;2024;235;5155.77;4676.09
Parnamirim;2025;219;5106.58;4791.23
Parnamirim;2026;114;4801.33;4660.67
Passarinho;2017;1;795.67;795.67
Passarinho;2019;1;1411.76;1411.76
Passarinho;2021;1;2557.14;2557.14
Passarinho;2024;447;2799.02;2797.01
Passarinho;2025;226;2936.68;2924.14
Passarinho;2026;40;3124.6;3165.87
Pina;2015;739;4086.78;3784.74
Pina;2016;647;3967.97;3734.13
Pina;2017;386;3999.01;3855.3
Pina;2018;415;4097.27;3887.96
Pina;2019;365;3986.27;3749.81
Pina;2020;287;4471.56;4288.71
Pina;2021;464;4812.45;4657.29
Pina;2022;1160;4818.7;5136.88
Pina;2023;574;4830.85;5017.01
Pina;2024;706;4295.83;4296.12
Pina;2025;426;5288.95;5326.51
Pina;2026;275;5582.09;5419.27
Poco;2015;98;3556.46;3766.48
Poco;2016;158;2691.61;2925.86
Poco;2017;107;3776.09;3957.9
Poco;2018;76;3648.47;3790.42
Poco;2019;63;3948.41;3845.74
Poco;2020;58;3989.29;3889.68
Poco;2021;112;4356.29;4404.89
Poco;2022;71;4428.59;4398.29
Poco;2023;81;4663.32;4800.55
Poco;2024;87;4459.99;4351.27
Poco;2025;135;5257.6;5468.88
Poco;2026;61;5253.71;5333.78
Ponto De Parada;2015;6;3181.47;3225.55
Ponto De Parada;2016;33;3264.74;3392.4
Ponto De Parada;2017;21;2860.33;2914.36
Ponto De Parada;2018;31;2934.73;3032.31
Ponto De Parada;2019;54;2207.25;2579.06
Ponto De Parada;2020;26;2785.78;3206.41
Ponto De Parada;2021;23;2792.01;3027.33
Ponto De Parada;2022;22;3245.02;3176.06
Ponto De Parada;2023;18;3137.59;3244.42
Ponto De Parada;2024;10;3696.08;3602.63
Ponto De Parada;2025;13;3080.6;2745.22
Ponto De Parada;2026;7;3579.98;3535.65
Porto Da Madeira;2015;14;2290.45;2354.16
Porto Da Madeira;2016;7;2292.03;2243.89
Porto Da Madeira;2017;14;2305.36;2179.24
Porto Da Madeira;2018;22;2091.69;1977.7
Porto Da Madeira;2019;19;2265.8;2169.56
Porto Da Madeira;2020;13;2124.58;2067.06
Porto Da Madeira;2021;18;2196.98;2233.58
Porto Da Madeira;2022;16;2901.94;2735.76
Porto Da Madeira;2023;15;2314.12;2148.8
Porto Da Madeira;2024;24;2563.24;2380.92
Porto Da Madeira;2025;28;2784.8;2417.41
Porto Da Madeira;2026;14;2503.16;2538.04
Prado;2015;76;2726.43;2725.45
Prado;2016;57;3014.23;2997.13
Prado;2017;87;3022.92;3132.46
Prado;2018;61;2813.56;2905.52
Prado;2019;54;2906.29;2924.62
Prado;2020;75;3064.68;3015.98
Prado;2021;139;3197.61;3317.58
Prado;2022;61;2842.29;2629.94
Prado;2023;55;3010.99;2836.39
Prado;2024;71;2931.44;2837.75
Prado;2025;75;2958.08;2993.04
Prado;2026;42;3321.15;3425.14
Recife;2015;7;2155.3;2403.85
Recife;2016;7;2281.57;2361.58
Recife;2017;8;2367.22;2513.31
Recife;2018;20;2917.13;2970.5
Recife;2019;15;2687.4;2683.75
Recife;2020;7;4321.13;1774.1
Recife;2021;27;3572.49;2404.1
Recife;2022;10;2847.99;2604.13
Recife;2023;18;3950.53;3604.69
Recife;2024;11;3824.11;2936.32
Recife;2025;210;2520.06;2556.18
Recife;2026;96;7083.46;7832.24
Rosarinho;2015;342;3859.16;3992.91
Rosarinho;2016;267;3958.23;4022.13
Rosarinho;2017;204;3290.51;3688.49
Rosarinho;2018;160;3660.76;3688.15
Rosarinho;2019;145;3839.64;3798.06
Rosarinho;2020;149;3709.76;3680.98
Rosarinho;2021;272;3846.99;3750.52
Rosarinho;2022;264;3838.37;3755.51
Rosarinho;2023;159;4185.7;4079.68
Rosarinho;2024;191;4471.01;4366.47
Rosarinho;2025;160;4574.66;4588.23
Rosarinho;2026;108;4819.11;4711.48
San Martin;2015;54;2880.67;2946.23
San Martin;2016;52;2880.66;2863.02
San Martin;2017;44;2591.94;2863.02
San Martin;2018;45;2775.39;2688.56
San Martin;2019;50;2641.11;2967.88
San Martin;2020;38;2943.57;2835.67
San Martin;2021;80;2974.28;3084.92
San Martin;2022;57;2980.52;2828.34
San Martin;2023;73;3085.64;3311.74
San Martin;2024;80;3460.35;3603.15
San Martin;2025;70;3266.0;3140.85
San Martin;2026;235;5192.29;5417.27
Sancho;2015;1;3237.65;3237.65
Sancho;2016;6;1861.89;1480.96
Sancho;2017;5;2682.41;2828.95
Sancho;2018;7;2160.14;2171.05
Sancho;2019;4;2003.71;1984.1
Sancho;2020;10;2947.88;2605.05
Sancho;2021;8;2785.93;2805.19
Sancho;2022;18;1979.26;1873.54
Sancho;2023;10;2189.91;1873.54
Sancho;2024;6;4091.86;3532.88
Sancho;2025;5;2939.34;2771.18
Sancho;2026;7;3018.49;3087.89
Santana;2015;30;3495.42;3587.08
Santana;2016;92;2011.51;1185.33
Santana;2017;33;2948.89;3146.33
Santana;2018;32;3864.75;3517.53
Santana;2019;53;3670.61;3645.01
Santana;2020;25;3464.84;3282.09
Santana;2021;80;2800.19;2894.31
Santana;2022;48;3820.85;3753.95
Santana;2023;76;6171.78;5067.49
Santana;2024;51;4374.39;4144.61
Santana;2025;33;3860.99;4010.91
Santana;2026;21;4393.7;3934.35
Santo Amaro;2015;111;2496.29;2418.74
Santo Amaro;2016;149;2575.66;2406.53
Santo Amaro;2017;149;2444.86;2203.39
Santo Amaro;2018;769;5460.72;5706.73
Santo Amaro;2019;1425;5718.04;5706.46
Santo Amaro;2020;642;3691.27;3838.86
Santo Amaro;2021;394;3785.2;4139.33
Santo Amaro;2022;242;3524.66;3568.93
Santo Amaro;2023;171;3501.42;3506.79
Santo Amaro;2024;211;3616.17;3608.03
Santo Amaro;2025;294;4234.84;4666.67
Santo Amaro;2026;117;3788.85;3469.81
Santo Antonio;2015;60;2108.56;1420.93
Santo Antonio;2016;60;2218.59;1447.42
Santo Antonio;2017;69;2690.44;1875.0
Santo Antonio;2018;51;2612.2;2157.03
Santo Antonio;2019;79;2226.67;2018.48
Santo Antonio;2020;49;2062.53;1755.22
Santo Antonio;2021;118;1697.46;1781.86
Santo Antonio;2022;55;2029.74;1800.0
Santo Antonio;2023;95;1964.31;1543.65
Santo Antonio;2024;54;2224.12;1823.71
Santo Antonio;2025;61;1604.43;1574.31
Santo Antonio;2026;39;3019.23;1888.6
Sao Jose;2015;25;3270.87;2272.73
Sao Jose;2016;84;3618.12;3278.69
Sao Jose;2017;23;2768.68;2233.34
Sao Jose;2018;47;3933.79;3981.08
Sao Jose;2019;46;3603.33;3211.3
Sao Jose;2020;20;4220.38;4891.3
Sao Jose;2021;51;4060.86;4625.77
Sao Jose;2022;55;3749.79;3553.85
Sao Jose;2023;42;3722.54;3660.51
Sao Jose;2024;328;6267.81;6216.77
Sao Jose;2025;121;5780.13;6790.4
Sao Jose;2026;60;6000.66;6718.5
Sitio Dos Pintos;2017;3;1512.11;1423.05
Sitio Dos Pintos;2018;1;2790.92;2790.92
Sitio Dos Pintos;2019;4;2427.84;2378.98
Sitio Dos Pintos;2020;2;1979.05;1979.05
Sitio Dos Pintos;2021;6;2529.3;2835.02
Sitio Dos Pintos;2022;2;3538.54;3538.54
Sitio Dos Pintos;2024;3;4687.47;4244.9
Sitio Dos Pintos;2025;3;4896.64;4792.63
Sitio Dos Pintos;2026;3;4420.99;5153.75
Soledade;2015;28;3277.14;3550.71
Soledade;2016;27;3430.11;3589.38
Soledade;2017;26;2688.54;2856.34
Soledade;2018;26;2524.87;2556.39
Soledade;2019;24;2578.16;2514.47
Soledade;2020;80;3370.07;3015.24
Soledade;2021;134;3825.76;4087.06
Soledade;2022;110;3508.64;3413.26
Soledade;2023;64;3591.23;3445.81
Soledade;2024;84;3544.62;3280.17
Soledade;2025;82;4004.3;3668.06
Soledade;2026;47;3797.97;3347.63
Tamarineira;2015;234;3425.66;3489.06
Tamarineira;2016;201;3345.18;3411.82
Tamarineira;2017;192;2673.01;2734.82
Tamarineira;2018;250;3964.95;4075.87
Tamarineira;2019;225;3494.44;3400.95
Tamarineira;2020;218;3619.17;3410.9
Tamarineira;2021;236;3362.43;3302.14
Tamarineira;2022;243;3615.58;3306.26
Tamarineira;2023;250;3758.17;3500.25
Tamarineira;2024;297;4101.45;4124.51
Tamarineira;2025;266;4278.28;4259.9
Tamarineira;2026;173;4214.11;3997.84
Tejipio;2015;17;2491.9;2610.6
Tejipio;2016;139;2872.97;3005.46
Tejipio;2017;132;2730.27;2762.43
Tejipio;2018;85;2526.74;2637.03
Tejipio;2019;244;2069.56;2058.02
Tejipio;2020;64;2239.44;2150.92
Tejipio;2021;36;2639.66;2488.74
Tejipio;2022;37;2511.07;2453.55
Tejipio;2023;64;2715.62;2628.88
Tejipio;2024;85;2587.76;2358.15
Tejipio;2025;89;2765.56;2785.73
Tejipio;2026;49;2625.98;2709.64
Torre;2015;392;3656.0;3721.22
Torre;2016;438;3537.66;3594.04
Torre;2017;231;3442.33;3407.69
Torre;2018;273;3339.4;3312.83
Torre;2019;360;3391.15;3428.83
Torre;2020;338;3544.33;3600.15
Torre;2021;436;3103.53;3426.26
Torre;2022;476;3606.29;3581.69
Torre;2023;393;3951.2;3748.93
Torre;2024;367;3949.45;3775.95
Torre;2025;385;4137.53;4253.79
Torre;2026;383;4824.76;4983.68
Torreao;2015;13;2171.4;2191.78
Torreao;2016;41;3666.83;4128.73
Torreao;2017;50;3955.96;4270.6
Torreao;2018;79;3447.3;3903.5
Torreao;2019;67;3558.64;3684.1
Torreao;2020;51;3525.88;3762.15
Torreao;2021;39;3415.53;3808.07
Torreao;2022;38;3158.79;3029.37
Torreao;2023;72;4244.05;4451.25
Torreao;2024;55;4004.55;4640.14
Torreao;2025;74;3514.72;3527.18
Torreao;2026;18;3401.37;3436.52
Torroes;2015;11;2104.8;2085.92
Torroes;2016;10;1857.08;1808.94
Torroes;2017;7;2532.56;2335.52
Torroes;2018;6;2087.81;2163.48
Torroes;2019;6;2301.29;2346.56
Torroes;2020;9;2428.19;2219.26
Torroes;2021;8;3236.71;2048.56
Torroes;2022;11;3522.08;2937.05
Torroes;2023;17;2865.64;2520.7
Torroes;2024;14;3305.9;2476.87
Torroes;2025;14;2581.69;2528.23
Torroes;2026;7;2311.85;2271.01
Toto;2020;1;2375.84;2375.84
Toto;2021;1;3410.06;3410.06
Toto;2025;2;3776.99;3776.99
Varzea;2015;428;2687.67;2590.67
Varzea;2016;221;2548.3;2461.14
Varzea;2017;306;2704.19;2652.17
Varzea;2018;322;2658.82;2590.67
Varzea;2019;260;2562.42;2528.6
Varzea;2020;336;2442.34;2451.01
Varzea;2021;626;2995.63;3139.65
Varzea;2022;697;2786.5;2411.67
Varzea;2023;551;2940.86;2570.33
Varzea;2024;766;3562.72;3493.35
Varzea;2025;1095;3773.21;3328.11
Varzea;2026;868;3740.18;3242.62
Vasco Da Gama;2015;14;2558.5;2334.97
Vasco Da Gama;2016;20;2308.95;2207.26
Vasco Da Gama;2017;30;2766.47;2206.44
Vasco Da Gama;2018;19;2365.81;2246.38
Vasco Da Gama;2019;12;2233.16;2557.85
Vasco Da Gama;2020;12;2598.34;2681.72
Vasco Da Gama;2021;60;2195.51;2138.9
Vasco Da Gama;2022;277;2193.01;2138.9
Vasco Da Gama;2023;17;2800.88;2138.9
Vasco Da Gama;2024;26;2789.72;2630.36
Vasco Da Gama;2025;278;4144.85;4182.51
Vasco Da Gama;2026;106;4410.41;4751.95
Zumbi;2015;7;2038.47;2160.76
Zumbi;2016;6;2119.47;2100.49
Zumbi;2017;8;2012.19;2027.74
Zumbi;2018;7;2038.26;1794.5
Zumbi;2019;9;2033.51;2069.07
Zumbi;2020;9;2002.74;1932.6
Zumbi;2021;29;2551.28;2877.86
Zumbi;2022;17;2518.95;2183.06
Zumbi;2023;57;3876.87;4337.82
Zumbi;2024;34;3905.18;4321.01
Zumbi;2025;29;3798.98;3585.7
Zumbi;2026;10;2844.42;2530.15
